Date,Brand Name,Country,Gross Sales,Net Sales,Total Sales,Total Ad SpendÂ ,Order Count,Return Amount
2023-12-21,Brand C,India,89663.21,89663.21,101170.0,7149.0,12,1700
2023-12-21,Brand B,India,89614.29,82917.86,91200.0,4907.0,5,8539
2023-12-21,Brand A,India,89598.0,-141962.0,-141962.0,4438.0,5,14053
2023-12-21,Brand D,India,89500.0,80550.0,80550.0,6700.0,1,11391
2023-12-21,Brand D,India,89000.0,89000.0,96500.0,6946.0,1,1520
2023-12-21,Brand C,India,88108.54,87013.54,95465.0,6226.0,13,6853
2023-12-21,Brand D,India,88000.0,74800.0,78800.0,7970.0,2,386
2023-12-21,Brand D,India,87500.0,84750.0,84750.0,3986.0,2,1527
2023-12-21,Brand A,India,87245.0,58395.75,58395.75,6963.0,3,10658
2023-12-21,Brand C,India,86957.99,86957.99,91520.0,6558.0,10,17107
2023-12-22,Brand C,India,86851.52,79210.82,85650.0,6079.0,9,18473
2023-12-22,Brand B,India,86846.41,59749.98,66920.0,5806.0,5,7929
2023-12-22,Brand C,India,86834.98,82861.77,87890.0,6126.0,12,4415
2023-12-22,Brand C,India,86636.19,83263.32,95040.0,6200.0,11,16384
2023-12-22,Brand E,India,86420.0,86420.0,89920.0,7605.0,8,14836
2023-12-22,Brand E,India,85480.0,85480.0,88980.0,6925.0,10,1431
2023-12-22,Brand C,India,85416.79,82872.79,91396.0,3163.0,10,3312
2023-12-22,Brand C,India,84917.07,84917.07,92420.0,7616.0,11,15985
2023-12-22,Brand B,India,84464.25,67839.28,75980.0,8154.0,8,5658
2023-12-22,Brand D,India,84450.0,84450.0,91950.0,7097.0,1,3800
2023-12-23,Brand C,India,84363.21,84363.21,91640.0,3646.0,10,9923
2023-12-23,Brand C,India,83699.31,78360.02,84960.0,6782.0,14,387
2023-12-23,Brand A,India,83549.0,62345.22,62345.22,8662.0,6,2329
2023-12-23,Brand E,India,82860.0,82860.0,86860.0,7390.0,7,6191
2023-12-23,Brand A,India,82806.0,82806.0,85806.0,8236.0,10,19654
2023-12-23,Brand E,India,82340.0,82340.0,83340.0,7220.0,6,16659
2023-12-23,Brand C,India,82031.07,82031.07,92010.0,4969.0,9,1023
2023-12-23,Brand C,India,81515.74,81515.74,92700.0,5172.0,11,1789
2023-12-23,Brand A,India,81448.0,62546.31,67063.64,5749.0,6,9273
2023-12-23,Brand C,India,81131.43,77641.43,81780.0,4512.0,8,8275
2023-12-24,Brand D,India,81000.0,77400.0,86400.0,4312.0,2,9643
2023-12-24,Brand C,India,80554.99,80554.99,90730.0,4538.0,7,17462
2023-12-24,Brand E,India,80040.0,80040.0,80040.0,5255.0,5,6884
2023-12-24,Brand C,India,79980.71,76453.92,86620.0,7989.0,9,11116
2023-12-24,Brand C,India,79879.75,72594.11,76194.0,4092.0,7,19495
2023-12-24,Brand E,India,79780.0,79780.0,83280.0,8433.0,5,9687
2023-12-24,Brand E,India,79660.0,79660.0,81160.0,5282.0,6,124
2023-12-24,Brand D,India,79000.0,67150.0,67150.0,7839.0,2,11385
2023-12-25,Brand C,India,78973.2,78973.2,88450.0,5983.0,9,6183
2023-12-25,Brand D,India,78000.0,78000.0,86500.0,5906.0,2,18531
2023-12-25,Brand E,India,77500.0,77500.0,89750.0,7201.0,7,5569
2023-12-25,Brand D,India,77000.0,69300.0,73300.0,8171.0,2,5326
2023-12-25,Brand B,India,76950.84,40825.67,46422.5,6279.0,7,4456
2023-12-25,Brand C,India,76797.8,75797.8,81000.0,4760.0,9,10138
2023-12-25,Brand C,India,76716.85,75290.07,84782.0,8101.0,13,1627
2023-12-26,Brand C,India,76562.49,76562.49,85750.0,7459.0,16,18785
2023-12-26,Brand C,India,76255.0,76255.0,83760.0,5479.0,9,5121
2023-12-26,Brand E,India,76180.0,76180.0,77180.0,6402.0,5,2947
2023-12-26,Brand B,India,76088.4,73990.19,85650.0,3840.0,4,19655
2023-12-26,Brand E,India,75760.0,75760.0,80260.0,5468.0,6,1062
2023-12-26,Brand E,India,75440.0,75440.0,78940.0,8295.0,5,8659
2023-12-26,Brand E,India,75340.0,75340.0,77840.0,3935.0,5,5801
2023-12-26,Brand C,India,75264.96,61159.62,68752.0,5541.0,11,13576
2023-12-27,Brand C,India,75107.14,75107.14,84120.0,6072.0,11,1934
2023-12-27,Brand C,India,74751.42,74751.42,84800.0,3718.0,9,19786
2023-12-27,Brand B,India,74703.38,60381.36,71250.0,6446.0,4,17099
2023-12-27,Brand E,India,73940.0,73940.0,73940.0,6590.0,6,7023
2023-12-27,Brand B,India,73928.56,39241.06,43950.0,6354.0,5,13340
2023-12-27,Brand A,India,73916.0,45918.0,45918.0,5433.0,3,19960
2023-12-27,Brand C,India,73688.78,73688.78,80270.0,4003.0,9,3351
2023-12-27,Brand C,India,73674.29,73674.29,80060.0,8134.0,7,8768
2023-12-27,Brand D,India,73000.0,73000.0,81000.0,6111.0,2,7960
2023-12-28,Brand A,India,72835.0,41665.0,41665.0,5584.0,3,10728
2023-12-28,Brand A,India,72365.0,23597.0,23597.0,7238.0,5,12756
2023-12-28,Brand B,India,70714.28,58303.57,65300.0,7241.0,4,12212
2023-12-28,Brand C,India,70517.85,55357.14,62000.0,6236.0,9,15727
2023-12-28,Brand E,India,70000.0,70000.0,71500.0,7981.0,5,19796
2023-12-28,Brand D,India,70000.0,59500.0,67500.0,6288.0,1,4818
2023-12-28,Brand E,India,69500.0,69500.0,70500.0,5198.0,10,12735
2023-12-28,Brand E,India,69380.0,69380.0,73380.0,5536.0,8,6324
2023-12-28,Brand E,India,69360.0,69360.0,71360.0,7947.0,7,3828
2023-12-29,Brand A,India,69113.0,69113.0,72113.0,6583.0,3,10600
2023-12-29,Brand A,India,69074.0,69074.0,72074.0,3960.0,6,7923
2023-12-29,Brand D,India,69000.0,69000.0,76500.0,3288.0,1,10798
2023-12-29,Brand A,India,68945.07,62660.74,65736.0,3406.0,2,7277
2023-12-29,Brand E,India,68080.0,68080.0,70580.0,7287.0,9,19808
2023-12-29,Brand C,India,68029.32,68029.32,73760.0,4468.0,11,9962
2023-12-29,Brand C,India,67491.08,67491.08,75590.0,5292.0,15,18633
2023-12-29,Brand E,India,67380.0,67380.0,70380.0,3349.0,6,4849
2023-12-30,Brand C,India,67227.85,67227.85,76960.0,8263.0,11,751
2023-12-30,Brand E,India,67020.0,67020.0,74280.0,3451.0,5,16998
2023-12-30,Brand D,India,67000.0,60300.0,68300.0,8296.0,2,8003
2023-12-30,Brand E,India,66220.0,66220.0,68720.0,7560.0,8,6799
2023-12-30,Brand E,India,65640.0,65640.0,67640.0,5129.0,5,17089
2023-12-30,Brand C,India,65305.83,65305.83,67980.0,7400.0,8,756
2023-12-30,Brand C,India,65238.92,65238.92,74170.0,3501.0,12,6370
2023-12-30,Brand E,India,65180.0,65180.0,67180.0,5406.0,6,817
2023-12-30,Brand B,India,64910.71,43571.43,48800.0,5404.0,6,11308
2023-12-31,Brand E,India,64600.0,64600.0,69198.0,5691.0,7,11465
2023-12-31,Brand C,India,64363.62,64363.62,68630.0,8347.0,11,16202
2023-12-31,Brand E,India,64360.0,64360.0,65860.0,7642.0,7,2044
2023-12-31,Brand E,India,64300.0,64300.0,67800.0,5837.0,5,19087
2023-12-31,Brand A,India,64108.0,21292.05,21292.05,5295.0,5,17897
2023-12-31,Brand D,India,64000.0,57600.0,57600.0,6984.0,1,16309
2023-12-31,Brand E,India,63720.0,63720.0,64720.0,7412.0,7,3635
2024-01-01,Brand A,India,63559.0,63559.0,63559.0,7797.0,6,911
2024-01-01,Brand E,India,63500.0,63500.0,63500.0,3118.0,4,10320
2024-01-01,Brand E,India,63400.0,63400.0,64400.0,5704.0,6,3143
2024-01-01,Brand C,India,62900.73,62900.73,72200.0,3217.0,8,4290
2024-01-01,Brand A,India,62799.0,61535.0,64535.0,4078.0,4,7786
2024-01-01,Brand E,India,62400.0,62400.0,63900.0,4918.0,6,17198
2024-01-01,Brand B,India,62139.81,50532.84,59628.75,8192.0,5,8371
2024-01-01,Brand D,India,62000.0,62000.0,69500.0,3206.0,1,16297
2024-01-01,Brand B,India,61549.99,44175.0,47640.0,4638.0,5,16370
2024-01-02,Brand E,India,61500.0,61500.0,62000.0,3696.0,6,2667
2024-01-02,Brand E,India,61420.0,61420.0,63420.0,8693.0,5,19147
2024-01-02,Brand C,India,61386.78,61386.78,67040.0,5064.0,8,7892
2024-01-02,Brand C,India,61240.01,57691.01,60781.0,4632.0,4,15561
2024-01-02,Brand C,India,61232.18,55964.66,59810.0,3723.0,8,1148
2024-01-02,Brand A,India,61215.0,37905.0,37905.0,3141.0,2,15702
2024-01-02,Brand A,India,61178.0,48159.0,48159.0,8815.0,4,7114
2024-01-02,Brand C,India,60843.21,60843.21,69230.0,7652.0,7,1323
2024-01-03,Brand B,India,60593.16,42775.41,51975.0,4728.0,8,7880
2024-01-03,Brand B,India,60169.48,43135.59,50900.0,8950.0,6,7259
2024-01-03,Brand E,India,60160.0,60160.0,63160.0,3094.0,6,10845
2024-01-03,Brand E,India,60160.0,26180.0,26180.0,8284.0,3,19449
2024-01-03,Brand C,India,59815.01,59815.01,61840.0,4361.0,8,19742
2024-01-03,Brand E,India,59740.0,59740.0,59740.0,7426.0,7,11715
2024-01-03,Brand C,India,59577.55,59577.55,62210.0,6866.0,7,2336
2024-01-03,Brand E,India,59280.0,59280.0,59280.0,3048.0,5,7006
2024-01-03,Brand A,India,58940.0,-5318.0,-2318.0,7839.0,4,9400
2024-01-04,Brand B,India,58839.28,58035.71,65000.0,4854.0,4,7142
2024-01-04,Brand C,India,58783.56,58783.56,66760.0,6173.0,9,3310
2024-01-04,Brand E,India,58760.0,58760.0,62260.0,7338.0,7,2381
2024-01-04,Brand C,India,58738.94,58738.94,66290.0,3603.0,8,17660
2024-01-04,Brand A,India,58650.0,52785.0,52785.0,4906.0,5,3899
2024-01-04,Brand A,India,58435.58,49222.03,53780.0,7348.0,5,12557
2024-01-04,Brand A,India,58219.49,53719.49,56099.0,8289.0,2,1080
2024-01-04,Brand C,India,58026.78,50866.78,53960.0,5007.0,8,3825
2024-01-04,Brand A,India,57875.0,23512.5,26512.5,6488.0,3,4969
2024-01-05,Brand C,India,57593.93,49576.07,52830.0,6048.0,8,11998
2024-01-05,Brand E,India,57240.0,57240.0,59240.0,7493.0,5,9900
2024-01-05,Brand E,India,57240.0,57240.0,59240.0,6341.0,6,1933
2024-01-05,Brand B,India,57203.38,49194.9,58050.0,5147.0,3,19117
2024-01-05,Brand B,India,57023.33,-24503.46,-26410.0,5691.0,3,13289
2024-01-05,Brand B,India,56964.26,45736.6,51225.0,5104.0,4,15598
2024-01-05,Brand B,India,56919.64,47350.45,53032.5,5065.0,6,11941
2024-01-05,Brand D,India,56600.0,56600.0,60600.0,6957.0,2,6580
2024-01-05,Brand E,India,56520.0,56520.0,58020.0,7224.0,8,13290
2024-01-06,Brand A,India,56489.0,51932.0,51932.0,4259.0,3,15848
2024-01-06,Brand B,India,56355.92,53093.22,62650.0,8800.0,5,9236
2024-01-06,Brand E,India,56020.0,56020.0,58020.0,3209.0,6,10185
2024-01-06,Brand E,India,56000.0,56000.0,57000.0,4718.0,7,5119
2024-01-06,Brand A,India,55972.0,55972.0,58972.0,7750.0,5,65
2024-01-06,Brand A,India,55849.0,52730.0,55730.0,3537.0,4,3303
2024-01-06,Brand E,India,55360.0,55360.0,55860.0,8412.0,6,16181
2024-01-06,Brand A,India,55350.0,49815.0,49815.0,8002.0,3,13010
2024-01-06,Brand D,India,55000.0,49500.0,53500.0,5646.0,1,15577
2024-01-07,Brand C,India,54806.31,54806.31,62220.0,4613.0,8,16934
2024-01-07,Brand C,India,54774.91,53728.91,62144.0,8859.0,9,18505
2024-01-07,Brand A,India,54450.0,54450.0,54450.0,4491.0,4,3808
2024-01-07,Brand E,India,54280.0,54280.0,54780.0,4928.0,4,10665
2024-01-07,Brand D,India,54000.0,54000.0,54000.0,4248.0,1,11049
2024-01-07,Brand E,India,53960.0,53960.0,57058.0,6599.0,6,7835
2024-01-07,Brand E,India,53820.0,53820.0,54320.0,5496.0,6,15715
2024-01-07,Brand B,India,53778.74,44292.52,53275.0,8330.0,4,10173
2024-01-07,Brand E,India,53680.0,53680.0,57180.0,8931.0,2,7053
2024-01-08,Brand C,India,53630.35,51237.49,54890.0,7788.0,7,12483
2024-01-08,Brand E,India,53580.0,53580.0,56080.0,3555.0,7,15746
2024-01-08,Brand C,India,53397.49,53397.49,60610.0,7368.0,9,11621
2024-01-08,Brand B,India,53389.84,34491.53,40700.0,4572.0,4,18546
2024-01-08,Brand A,India,53284.31,48818.39,54255.0,7284.0,3,2020
2024-01-08,Brand E,India,53120.0,53120.0,54120.0,8880.0,5,11401
2024-01-08,Brand E,India,53080.0,53080.0,55580.0,3997.0,5,10226
2024-01-08,Brand D,India,53000.0,53000.0,60000.0,7166.0,1,17287
2024-01-08,Brand E,India,52980.0,52980.0,52980.0,6954.0,6,6541
2024-01-08,Brand B,India,52499.99,26705.36,29910.0,8630.0,4,19139
2024-01-09,Brand E,India,52320.0,52320.0,53820.0,8507.0,7,9736
2024-01-09,Brand E,India,52180.0,52180.0,52180.0,7738.0,7,4543
2024-01-09,Brand D,India,52000.0,44200.0,48200.0,5376.0,1,4517
2024-01-09,Brand B,India,51907.14,18612.72,18725.0,4642.0,4,12531
2024-01-09,Brand A,India,51798.0,51798.0,51798.0,4110.0,3,12638
2024-01-09,Brand C,India,51686.43,51686.43,55090.0,6572.0,6,18190
2024-01-09,Brand B,India,51517.85,47026.79,52670.0,5580.0,5,10454
2024-01-09,Brand B,India,51271.17,30805.09,55350.0,3253.0,4,16336
2024-01-09,Brand A,India,51199.0,42359.0,42359.0,3239.0,4,8118
2024-01-09,Brand A,India,51099.6,48284.64,51284.64,7078.0,4,18455
2024-01-10,Brand E,India,51040.0,51040.0,51040.0,3103.0,7,9894
2024-01-10,Brand A,India,51031.0,27790.0,27790.0,5128.0,4,19245
2024-01-10,Brand E,India,51020.0,51020.0,52020.0,6752.0,5,9016
2024-01-10,Brand B,India,50478.56,46820.71,49270.0,4275.0,3,706
2024-01-10,Brand E,India,50360.0,50360.0,52360.0,4949.0,4,3790
2024-01-10,Brand A,India,50259.0,50259.0,50259.0,7408.0,5,7664
2024-01-10,Brand A,India,49978.0,39618.0,39618.0,7190.0,5,10106
2024-01-10,Brand E,India,49940.0,49940.0,52440.0,8628.0,7,2408
2024-01-10,Brand A,India,49897.0,23087.0,23087.0,7054.0,4,16854
2024-01-10,Brand E,India,49620.0,49620.0,50620.0,7131.0,5,15676
2024-01-11,Brand C,India,49608.13,45777.77,46230.0,4819.0,4,9137
2024-01-11,Brand B,India,49464.29,29375.0,32900.0,4911.0,5,3163
2024-01-11,Brand E,India,49450.0,49450.0,50450.0,3538.0,6,15233
2024-01-11,Brand A,India,49425.0,27225.0,27225.0,7654.0,4,2181
2024-01-11,Brand C,India,49055.01,49055.01,55780.0,8482.0,8,9410
2024-01-11,Brand D,India,49000.0,49000.0,53000.0,3970.0,1,1719
2024-01-11,Brand D,India,48800.0,44620.0,44620.0,5436.0,1,7703
2024-01-11,Brand A,India,48650.0,40554.0,40554.0,6821.0,4,5236
2024-01-11,Brand E,India,48440.0,48440.0,49440.0,4231.0,7,8021
2024-01-11,Brand B,India,48305.1,23728.82,28000.0,6524.0,4,11874
2024-01-12,Brand E,India,48260.0,48260.0,48760.0,3611.0,7,11521
2024-01-12,Brand E,India,47920.0,47920.0,50420.0,6787.0,5,5726
2024-01-12,Brand D,India,47500.0,47500.0,51500.0,7447.0,1,7490
2024-01-12,Brand D,India,47500.0,42750.0,46750.0,4725.0,1,10409
2024-01-12,Brand C,India,47456.98,47456.98,55050.0,6391.0,9,9220
2024-01-12,Brand B,India,47321.41,42633.92,49250.0,8769.0,4,17778
2024-01-12,Brand B,India,47288.14,47288.14,55800.0,4385.0,1,10113
2024-01-12,Brand A,India,47284.32,27749.36,29767.5,6871.0,4,14492
2024-01-12,Brand E,India,47000.0,47000.0,48000.0,8830.0,4,5803
2024-01-12,Brand D,India,47000.0,47000.0,51000.0,5556.0,1,11665
2024-01-13,Brand D,India,47000.0,42300.0,42300.0,7257.0,1,4178
2024-01-13,Brand D,India,47000.0,39950.0,39950.0,5575.0,1,3431
2024-01-13,Brand D,India,47000.0,42300.0,46300.0,3682.0,1,17182
2024-01-13,Brand C,India,46667.5,46667.5,53550.0,4353.0,9,6517
2024-01-13,Brand C,India,46281.43,38321.43,42920.0,8566.0,10,9102
2024-01-13,Brand D,India,46260.0,46260.0,46260.0,5776.0,1,10255
2024-01-13,Brand A,India,46059.0,35140.0,35140.0,5984.0,2,151
2024-01-13,Brand B,India,45937.5,37500.0,43000.0,6447.0,2,4709
2024-01-13,Brand A,India,45918.0,45918.0,45918.0,5911.0,4,12564
2024-01-14,Brand A,India,45842.37,21090.0,21090.0,8242.0,4,12222
2024-01-14,Brand B,India,45535.72,45535.72,51000.0,7612.0,3,11806
2024-01-14,Brand E,India,45440.0,45440.0,46440.0,4312.0,5,17612
2024-01-14,Brand B,India,45376.32,40249.42,46475.0,7519.0,4,6883
2024-01-14,Brand A,India,45199.0,40600.0,40600.0,4692.0,3,6264
2024-01-14,Brand B,India,45060.72,25051.79,26390.0,3431.0,4,2008
2024-01-14,Brand D,India,45000.0,45000.0,49000.0,5072.0,1,13226
2024-01-14,Brand C,India,44463.25,44463.25,50890.0,5573.0,9,14167
2024-01-15,Brand B,India,44279.66,41991.53,47300.0,6292.0,3,5232
2024-01-15,Brand B,India,44067.8,31779.66,37500.0,4494.0,3,16394
2024-01-15,Brand E,India,44000.0,44000.0,45500.0,7720.0,5,274
2024-01-15,Brand C,India,43986.7,24584.99,28700.0,6901.0,6,180
2024-01-15,Brand E,India,43700.0,43700.0,44700.0,6113.0,4,13930
2024-01-15,Brand B,India,43275.0,15475.0,19000.0,8313.0,3,19335
2024-01-15,Brand D,India,43000.0,43000.0,43000.0,8180.0,1,10387
2024-01-15,Brand C,India,42758.54,42758.54,50250.0,8688.0,8,15394
2024-01-15,Brand E,India,42460.0,42460.0,43960.0,6189.0,3,81
2024-01-16,Brand E,India,42440.0,42440.0,42940.0,3520.0,6,16423
2024-01-16,Brand D,India,42300.0,42300.0,46300.0,7162.0,1,10333
2024-01-16,Brand D,India,42000.0,42000.0,46000.0,8813.0,1,8355
2024-01-16,Brand A,India,41996.0,38497.0,38497.0,4979.0,2,4732
2024-01-16,Brand E,India,41940.0,41940.0,42940.0,6143.0,4,4213
2024-01-16,Brand E,India,41720.0,41720.0,43220.0,4809.0,6,9594
2024-01-16,Brand E,India,41660.0,41660.0,44160.0,7858.0,6,11313
2024-01-16,Brand A,India,41649.0,163.05,163.05,5473.0,4,18964
2024-01-16,Brand E,India,40860.0,40860.0,40860.0,7349.0,4,1357
2024-01-16,Brand A,India,40527.0,33660.2,33660.2,5378.0,4,5099
2024-01-17,Brand E,India,40460.0,40460.0,40960.0,3134.0,5,899
2024-01-17,Brand A,India,40300.0,37710.0,37710.0,7737.0,3,9440
2024-01-17,Brand E,India,40120.0,40120.0,41120.0,7870.0,4,19689
2024-01-17,Brand D,India,40000.0,40000.0,44000.0,4618.0,1,4536
2024-01-17,Brand D,India,40000.0,40000.0,40000.0,7938.0,1,7758
2024-01-17,Brand A,India,39825.0,39825.0,39825.0,6483.0,3,3949
2024-01-17,Brand E,India,39500.0,39500.0,40000.0,8271.0,5,16456
2024-01-17,Brand A,India,39389.64,24870.84,24870.84,8149.0,2,12468
2024-01-17,Brand A,India,38657.0,38657.0,38657.0,7863.0,2,8140
2024-01-17,Brand A,India,38639.0,38639.0,41639.0,8196.0,3,9915
2024-01-18,Brand E,India,38460.0,38460.0,38460.0,8970.0,4,9598
2024-01-18,Brand E,India,38240.0,38240.0,38800.0,6897.0,5,9285
2024-01-18,Brand E,India,38200.0,38200.0,38200.0,6299.0,3,17764
2024-01-18,Brand B,India,38135.58,37118.64,43800.0,7508.0,3,13839
2024-01-18,Brand E,India,38020.0,38020.0,38020.0,5261.0,3,16817
2024-01-18,Brand D,India,38000.0,32300.0,32300.0,7700.0,1,2110
2024-01-18,Brand D,India,38000.0,34200.0,34200.0,7176.0,1,3675
2024-01-18,Brand D,India,38000.0,17000.0,18500.0,6825.0,0,17655
2024-01-18,Brand D,India,38000.0,38000.0,42000.0,6678.0,1,16162
2024-01-18,Brand E,India,37940.0,37940.0,40940.0,5304.0,3,18821
2024-01-19,Brand E,India,37900.0,37900.0,40400.0,8737.0,5,13366
2024-01-19,Brand E,India,37880.0,37880.0,39880.0,4766.0,1,9184
2024-01-19,Brand B,India,37737.81,37737.81,41900.0,8784.0,3,954
2024-01-19,Brand B,India,37688.16,13352.46,15825.0,8399.0,3,11673
2024-01-19,Brand E,India,37480.0,37480.0,38480.0,3416.0,5,12043
2024-01-19,Brand E,India,37460.0,37460.0,39460.0,5642.0,3,18215
2024-01-19,Brand B,India,37457.63,37457.63,44200.0,6932.0,4,15099
2024-01-19,Brand A,India,37441.94,35221.94,35225.0,8842.0,6,15364
2024-01-19,Brand E,India,37380.0,37380.0,38380.0,3971.0,6,18781
2024-01-19,Brand A,India,37200.0,33480.0,33480.0,4125.0,3,17134
2024-01-20,Brand E,India,36980.0,36980.0,37480.0,7650.0,6,6151
2024-01-20,Brand C,India,36956.35,36956.35,39070.0,4008.0,4,5852
2024-01-20,Brand B,India,36864.4,8983.05,10600.0,4728.0,2,145
2024-01-20,Brand B,India,36639.28,32975.36,33930.0,8353.0,3,5641
2024-01-20,Brand B,India,36491.52,19093.22,22530.0,8127.0,4,3038
2024-01-20,Brand B,India,36271.19,36271.19,42800.0,7087.0,2,10931
2024-01-20,Brand B,India,36199.15,36199.15,43215.0,7210.0,3,15955
2024-01-20,Brand A,India,36117.6,-69377.45,-69377.45,6937.0,1,12744
2024-01-20,Brand A,India,36036.0,36036.0,39036.0,5806.0,7,12860
2024-01-20,Brand D,India,36001.0,36001.0,40001.18,3287.0,2,11260
2024-01-21,Brand D,India,36000.0,32400.0,36400.0,5535.0,1,15956
2024-01-21,Brand D,India,36000.0,32400.0,36400.0,8870.0,1,16060
2024-01-21,Brand B,India,35982.14,33109.38,37082.5,4250.0,2,16981
2024-01-21,Brand E,India,35940.0,35940.0,35940.0,7222.0,4,1470
2024-01-21,Brand B,India,35771.1,20987.18,25910.0,8728.0,4,18544
2024-01-21,Brand A,India,35678.0,35678.0,35678.0,7906.0,3,18385
2024-01-21,Brand E,India,35640.0,35640.0,35640.0,4350.0,5,10425
2024-01-21,Brand E,India,35560.0,35560.0,37060.0,4197.0,4,14945
2024-01-22,Brand E,India,35480.0,35480.0,35480.0,6590.0,2,2997
2024-01-22,Brand E,India,35384.0,35384.0,35384.0,6876.0,4,14565
2024-01-22,Brand E,India,35380.0,35380.0,37380.0,3498.0,3,10590
2024-01-22,Brand D,India,35000.0,35000.0,35000.0,7862.0,1,13001
2024-01-22,Brand E,India,34960.0,34960.0,37558.0,6932.0,4,15288
2024-01-22,Brand E,India,34940.0,34940.0,34940.0,8386.0,6,7892
2024-01-22,Brand A,India,34800.0,34800.0,34800.0,3631.0,3,1377
2024-01-22,Brand E,India,34780.0,34780.0,36280.0,4486.0,4,19485
2024-01-22,Brand B,India,34732.14,30169.65,33790.0,8793.0,3,4138
2024-01-23,Brand C,India,34700.0,34700.0,39490.0,6575.0,6,14549
2024-01-23,Brand A,India,34684.0,34684.0,37684.0,5947.0,3,17064
2024-01-23,Brand B,India,34576.26,12633.47,14907.5,4223.0,3,5119
2024-01-23,Brand B,India,34503.9,22215.76,23970.0,6863.0,3,8839
2024-01-23,Brand B,India,34237.3,34237.3,40400.0,7995.0,3,7105
2024-01-23,Brand B,India,34237.29,34237.29,40400.0,5776.0,2,6582
2024-01-23,Brand B,India,34237.28,19830.51,23400.0,5943.0,3,12513
2024-01-23,Brand B,India,34196.43,34196.43,38300.0,6491.0,2,13196
2024-01-23,Brand D,India,34000.0,34000.0,38000.0,4271.0,1,13598
2024-01-24,Brand D,India,34000.0,34000.0,38000.0,5378.0,1,13367
2024-01-24,Brand C,India,33857.13,33857.13,37920.0,6645.0,4,2284
2024-01-24,Brand B,India,33825.11,22337.5,23350.0,4606.0,3,1035
2024-01-24,Brand A,India,33750.0,30375.0,30375.0,4953.0,3,7423
2024-01-24,Brand B,India,33559.32,16779.66,19800.0,5452.0,2,18491
2024-01-24,Brand A,India,33473.0,26979.0,26979.0,7077.0,3,13604
2024-01-24,Brand E,India,33340.0,33340.0,34340.0,7486.0,4,17883
2024-01-24,Brand A,India,33247.0,22187.0,25187.0,7944.0,3,15123
2024-01-24,Brand C,India,33116.07,33116.07,37090.0,3831.0,6,5576
2024-01-24,Brand A,India,33039.0,-69397.0,-69397.0,7998.0,3,8256
2024-01-25,Brand E,India,32860.0,32860.0,32860.0,3557.0,4,639
2024-01-25,Brand E,India,32560.0,32560.0,33060.0,7042.0,3,14027
2024-01-25,Brand A,India,32549.0,-41991.0,-41991.0,6233.0,3,14777
2024-01-25,Brand B,India,32542.37,18559.32,21900.0,4497.0,25,6370
2024-01-25,Brand E,India,32260.0,32260.0,32260.0,6435.0,2,2596
2024-01-25,Brand E,India,32180.0,32180.0,32680.0,7441.0,4,9839
2024-01-25,Brand B,India,32114.28,32114.28,34300.0,4977.0,3,120
2024-01-25,Brand D,India,32000.0,32000.0,36000.0,4982.0,1,4091
2024-01-25,Brand D,India,32000.0,32000.0,36000.0,8022.0,1,14559
2024-01-25,Brand D,India,32000.0,28800.0,28800.0,8585.0,1,15407
2024-01-26,Brand D,India,32000.0,28800.0,32800.0,5375.0,1,9610
2024-01-26,Brand B,India,31779.65,27203.39,32100.0,6777.0,2,8697
2024-01-26,Brand C,India,31760.41,28780.41,32320.0,7878.0,7,4579
2024-01-26,Brand E,India,31720.0,31720.0,32220.0,7464.0,4,16248
2024-01-26,Brand A,India,31429.0,71.0,71.0,7895.0,2,10658
2024-01-26,Brand A,India,31399.0,12479.2,12479.2,5871.0,2,15080
2024-01-26,Brand D,India,31000.0,31000.0,35000.0,7090.0,1,8572
2024-01-26,Brand E,India,30800.0,30800.0,33800.0,4339.0,3,5839
2024-01-27,Brand E,India,30780.0,30780.0,30780.0,5370.0,4,4843
2024-01-27,Brand E,India,30720.0,30720.0,32220.0,6065.0,3,18978
2024-01-27,Brand E,India,30680.0,30680.0,31180.0,4585.0,4,1956
2024-01-27,Brand D,India,30500.0,30500.0,34500.0,8976.0,1,4261
2024-01-27,Brand A,India,30485.6,9315.0,9315.0,6341.0,2,15382
2024-01-27,Brand E,India,30260.0,30260.0,30760.0,6691.0,4,17005
2024-01-27,Brand B,India,30084.75,17796.61,21000.0,5270.0,3,8564
2024-01-27,Brand B,India,30084.75,30084.75,35500.0,4711.0,2,17442
2024-01-27,Brand D,India,30000.0,27000.0,27000.0,4077.0,1,8368
2024-01-28,Brand D,India,30000.0,30000.0,34000.0,4225.0,1,1253
2024-01-28,Brand D,India,30000.0,26968.0,26968.0,4455.0,1,17168
2024-01-28,Brand D,India,30000.0,27000.0,27000.0,6189.0,1,11109
2024-01-28,Brand D,India,29500.0,29500.0,33500.0,6095.0,1,4500
2024-01-28,Brand D,India,29500.0,25075.0,29075.0,3380.0,1,17140
2024-01-28,Brand E,India,29300.0,29300.0,30300.0,7822.0,5,18286
2024-01-28,Brand B,India,29237.3,29237.3,34500.0,6178.0,3,3461
2024-01-28,Brand B,India,29237.29,29237.29,34500.0,6797.0,3,11914
2024-01-29,Brand A,India,29119.0,29119.0,29119.0,5773.0,2,17158
2024-01-29,Brand A,India,29051.7,29051.7,30150.0,8656.0,3,4324
2024-01-29,Brand E,India,29020.0,29020.0,31520.0,7781.0,2,3663
2024-01-29,Brand D,India,29000.0,29000.0,33000.0,8467.0,1,2667
2024-01-29,Brand D,India,29000.0,26100.0,30100.0,6948.0,1,10347
2024-01-29,Brand B,India,28813.56,27966.11,33000.0,8254.0,3,14670
2024-01-29,Brand B,India,28813.56,28050.85,33100.0,4328.0,2,19430
2024-01-29,Brand A,India,28748.0,-440765.29,-445742.26,3111.0,2,5553
2024-01-30,Brand E,India,28560.0,28560.0,29560.0,5378.0,3,17524
2024-01-30,Brand E,India,28500.0,28500.0,29000.0,7222.0,3,13976
2024-01-30,Brand B,India,28482.15,18312.66,19900.0,8477.0,3,6329
2024-01-30,Brand E,India,28260.0,28260.0,33456.0,5550.0,3,16127
2024-01-30,Brand B,India,28125.0,12724.69,12950.0,6146.0,3,15689
2024-01-30,Brand C,India,28089.29,28089.29,31460.0,8962.0,8,6698
2024-01-30,Brand D,India,28000.0,28000.0,32000.0,6411.0,1,13820
2024-01-30,Brand A,India,27984.0,27372.0,27372.0,8829.0,4,11173
2024-01-31,Brand E,India,27940.0,27940.0,28940.0,5222.0,5,11586
2024-01-31,Brand D,India,27500.0,27500.0,31500.0,5838.0,1,13834
2024-01-31,Brand E,India,27400.0,27400.0,28900.0,6663.0,2,18642
2024-01-31,Brand E,India,27380.0,27380.0,27380.0,4314.0,3,19334
2024-01-31,Brand E,India,27180.0,27180.0,28680.0,3698.0,4,3925
2024-01-31,Brand B,India,27118.65,15677.97,18500.0,5448.0,2,8849
2024-01-31,Brand E,India,27100.0,27100.0,27100.0,7793.0,2,4863
2024-01-31,Brand D,India,27000.0,27000.0,31000.0,4862.0,1,2186
2024-01-31,Brand B,India,26517.87,-2330.35,-2610.0,8968.0,3,16636
2024-02-01,Brand E,India,26400.0,26400.0,27900.0,8997.0,3,8952
2024-02-01,Brand B,India,26271.19,20211.87,23850.0,3171.0,3,11697
2024-02-01,Brand B,India,26116.07,24388.4,27315.0,8116.0,3,817
2024-02-01,Brand A,India,25620.0,25620.0,28620.0,7585.0,2,11306
2024-02-01,Brand E,India,25620.0,25620.0,26620.0,4096.0,4,5140
2024-02-01,Brand E,India,25620.0,25620.0,27620.0,6228.0,4,5143
2024-02-01,Brand B,India,25446.43,25446.43,28500.0,8397.0,2,1746
2024-02-01,Brand E,India,25240.0,25240.0,25740.0,6621.0,4,16038
2024-02-01,Brand D,India,25032.0,25032.0,29032.0,6247.0,2,9877
2024-02-02,Brand E,India,24640.0,24640.0,25140.0,7876.0,3,17581
2024-02-02,Brand B,India,24576.28,24576.28,29000.0,5712.0,2,13066
2024-02-02,Brand A,India,24489.83,22040.85,24210.0,4419.0,2,31
2024-02-02,Brand E,India,24120.0,24120.0,24120.0,6955.0,3,4769
2024-02-02,Brand D,India,24000.0,24000.0,24000.0,3329.0,1,630
2024-02-02,Brand D,India,24000.0,21600.0,21600.0,3149.0,1,16729
2024-02-02,Brand E,India,23940.0,23940.0,24440.0,8065.0,3,18488
2024-02-02,Brand A,India,23739.83,23739.83,26150.0,3758.0,2,2292
2024-02-02,Brand A,India,23730.0,10080.0,10080.0,4265.0,3,10912
2024-02-03,Brand D,India,23600.0,23600.0,27600.0,7375.0,1,16169
2024-02-03,Brand B,India,23571.43,23571.43,26400.0,3451.0,2,10784
2024-02-03,Brand B,India,23275.0,-2678.57,-3000.0,6499.0,2,15390
2024-02-03,Brand A,India,22950.0,12960.0,12960.0,4146.0,2,15777
2024-02-03,Brand B,India,22881.36,22881.36,27000.0,3099.0,2,9743
2024-02-03,Brand E,India,22820.0,22820.0,22820.0,4517.0,3,16409
2024-02-03,Brand A,India,22820.0,21224.0,21224.0,6889.0,2,16674
2024-02-03,Brand E,India,22600.0,22600.0,22600.0,3628.0,2,6654
2024-02-03,Brand A,India,22500.0,18000.0,18000.0,7172.0,1,10016
2024-02-04,Brand E,India,22380.0,22380.0,22380.0,7196.0,1,17716
2024-02-04,Brand B,India,22337.5,14382.14,14440.0,4819.0,2,5017
2024-02-04,Brand B,India,22321.43,19508.93,21850.0,3246.0,2,1333
2024-02-04,Brand B,India,22033.89,10296.61,12150.0,3479.0,2,16447
2024-02-04,Brand B,India,21970.34,21970.34,25925.0,8721.0,1,6384
2024-02-04,Brand A,India,21900.0,14340.0,14340.0,4993.0,4,1452
2024-02-04,Brand E,India,21900.0,21900.0,23400.0,4006.0,2,3342
2024-02-04,Brand A,India,21840.0,21840.0,21840.0,4020.0,3,14798
2024-02-05,Brand E,India,21720.0,21720.0,21720.0,6228.0,3,1283
2024-02-05,Brand E,India,21460.0,21460.0,22460.0,7212.0,2,8595
2024-02-05,Brand B,India,21428.56,18381.69,20587.5,7201.0,2,6508
2024-02-05,Brand A,India,21420.0,20384.0,23384.0,6404.0,2,424
2024-02-05,Brand A,India,21279.0,0.0,0.0,8100.0,2,19493
2024-02-05,Brand E,India,21200.0,21200.0,22200.0,5154.0,3,8232
2024-02-05,Brand B,India,21186.45,-1694.91,-2000.0,6555.0,2,5843
2024-02-05,Brand B,India,21186.44,20127.12,23750.0,5589.0,2,4573
2024-02-05,Brand A,India,21139.0,19040.0,19040.0,7160.0,4,19323
2024-02-05,Brand E,India,20940.0,20940.0,21440.0,7620.0,3,224
2024-02-06,Brand E,India,20800.0,20800.0,20800.0,6864.0,2,2124
2024-02-06,Brand A,India,20440.0,20440.0,20440.0,3943.0,3,2899
2024-02-06,Brand E,India,20380.0,20380.0,21380.0,8692.0,3,14465
2024-02-06,Brand E,India,19600.0,19600.0,20100.0,7078.0,3,2548
2024-02-06,Brand E,India,19460.0,19460.0,19960.0,3474.0,3,6809
2024-02-06,Brand B,India,19449.14,14644.06,17280.0,6632.0,2,3686
2024-02-06,Brand E,India,19380.0,19380.0,19880.0,8334.0,3,1751
2024-02-06,Brand A,India,19200.0,17280.0,17280.0,8896.0,1,17090
2024-02-06,Brand E,India,19120.0,19120.0,19120.0,6360.0,3,6408
2024-02-06,Brand A,India,19050.0,19050.0,19050.0,6993.0,2,9529
2024-02-07,Brand B,India,18983.05,17084.75,20160.0,7099.0,1,11533
2024-02-07,Brand E,India,18900.0,18900.0,18900.0,4835.0,1,18699
2024-02-07,Brand A,India,18900.0,-3220.0,-3220.0,3143.0,1,10969
2024-02-07,Brand B,India,18644.07,18644.07,22000.0,6852.0,2,776
2024-02-07,Brand B,India,18644.07,18644.07,22500.0,7239.0,2,19292
2024-02-07,Brand E,India,18340.0,18340.0,18340.0,8337.0,3,6072
2024-02-07,Brand A,India,18268.0,14769.0,14769.0,7156.0,3,10054
2024-02-07,Brand B,India,18220.34,11864.41,14000.0,5768.0,2,1581
2024-02-07,Brand D,India,18000.0,18000.0,22000.0,5254.0,1,9875
2024-02-08,Brand A,India,17950.0,16155.0,16155.0,6684.0,2,2158
2024-02-08,Brand A,India,17950.0,17950.0,17950.0,3616.0,2,11371
2024-02-08,Brand B,India,17796.61,16906.78,19950.0,8861.0,2,165
2024-02-08,Brand B,India,17796.6,8008.47,9450.0,5185.0,2,1605
2024-02-08,Brand E,India,17380.0,17380.0,17380.0,6462.0,2,9097
2024-02-08,Brand B,India,17321.43,-1013.79,-2190.0,3140.0,2,2195
2024-02-08,Brand E,India,17280.0,17280.0,18280.0,7265.0,3,3721
2024-02-08,Brand B,India,17272.72,17272.72,20900.0,4265.0,1,16535
2024-02-08,Brand D,India,17000.0,17000.0,21000.0,5665.0,1,8096
2024-02-08,Brand D,India,17000.0,17000.0,19000.0,7127.0,1,11750
2024-02-09,Brand B,India,16525.42,16525.42,19500.0,4344.0,2,15374
2024-02-09,Brand B,India,16101.7,16101.7,19000.0,6260.0,2,5226
2024-02-09,Brand A,India,16081.0,16081.0,16081.0,8490.0,3,8194
2024-02-09,Brand D,India,16000.0,16000.0,16000.0,8093.0,1,3941
2024-02-09,Brand A,India,15960.0,15960.0,15960.0,8514.0,1,5699
2024-02-09,Brand E,India,15960.0,15960.0,15960.0,5106.0,1,19718
2024-02-09,Brand A,India,15959.0,14867.1,14867.1,3198.0,2,9503
2024-02-09,Brand E,India,15900.0,15900.0,15900.0,7744.0,3,14135
2024-02-09,Brand E,India,15820.0,15820.0,16320.0,6000.0,2,14542
2024-02-10,Brand A,India,15800.0,15800.0,15800.0,3081.0,1,16686
2024-02-10,Brand A,India,15623.0,15623.0,15623.0,7471.0,1,16327
2024-02-10,Brand E,India,15600.0,15600.0,15600.0,6440.0,1,1102
2024-02-10,Brand E,India,15460.0,15460.0,15960.0,5978.0,2,195
2024-02-10,Brand B,India,15254.24,8898.31,10500.0,3440.0,2,4344
2024-02-10,Brand B,India,15254.23,14364.4,16950.0,3378.0,2,13456
2024-02-10,Brand E,India,15200.0,15200.0,15200.0,5836.0,2,15857
2024-02-10,Brand A,India,15118.8,13606.92,13606.92,4346.0,1,12514
2024-02-10,Brand E,India,15000.0,15000.0,15000.0,3381.0,1,1224
2024-02-11,Brand A,India,14800.0,-9891.94,-9895.0,5552.0,1,4967
2024-02-11,Brand B,India,14406.78,13771.19,16250.0,7711.0,1,12754
2024-02-11,Brand A,India,14250.0,-212761.65,-222364.8,4915.0,1,4087
2024-02-11,Brand E,India,14220.0,14220.0,14220.0,3347.0,2,12762
2024-02-11,Brand E,India,14220.0,14220.0,14720.0,5182.0,2,9024
2024-02-11,Brand D,India,14000.0,14000.0,16500.0,8488.0,1,5079
2024-02-11,Brand B,India,13983.05,5084.74,6000.0,5971.0,1,9359
2024-02-11,Brand E,India,13920.0,13920.0,13920.0,8935.0,2,12470
2024-02-11,Brand B,India,13900.0,13900.0,13900.0,5309.0,1,4462
2024-02-12,Brand A,India,13860.0,13860.0,13860.0,8577.0,1,17273
2024-02-12,Brand B,India,13822.04,6194.92,7310.0,6048.0,2,15410
2024-02-12,Brand E,India,13440.0,13440.0,13440.0,4208.0,2,18494
2024-02-12,Brand E,India,13400.0,13400.0,13400.0,3305.0,2,15341
2024-02-12,Brand A,India,13160.0,13160.0,13160.0,6512.0,1,9003
2024-02-12,Brand B,India,13135.58,11822.03,13950.0,5336.0,1,84
2024-02-12,Brand E,India,13100.0,13100.0,13100.0,3861.0,2,3481
2024-02-12,Brand E,India,12880.0,12880.0,13380.0,6638.0,2,18192
2024-02-12,Brand A,India,12880.0,10360.0,13360.0,3877.0,2,2502
2024-02-13,Brand E,India,12880.0,12880.0,13380.0,8381.0,2,3267
2024-02-13,Brand B,India,12711.86,-5508.48,-6500.0,6557.0,1,5925
2024-02-13,Brand E,India,12400.0,12400.0,12900.0,3836.0,2,3351
2024-02-13,Brand B,India,12288.14,12288.14,14500.0,4218.0,1,13892
2024-02-13,Brand B,India,12288.14,12288.14,14500.0,7689.0,1,5311
2024-02-13,Brand B,India,12288.14,0.0,0.0,4827.0,1,4553
2024-02-13,Brand B,India,12288.14,0.0,0.0,4134.0,1,16535
2024-02-13,Brand B,India,12288.14,12288.14,14500.0,3540.0,1,11661
2024-02-14,Brand B,India,12288.14,-8050.84,-9500.0,8489.0,1,12970
2024-02-14,Brand B,India,12288.14,12288.14,14500.0,6135.0,1,13814
2024-02-14,Brand B,India,12053.57,-6590.5,-8500.0,8473.0,1,9754
2024-02-14,Brand B,India,12053.57,8437.5,9450.0,5576.0,1,1036
2024-02-14,Brand D,India,12000.0,12000.0,12000.0,6191.0,0,17687
2024-02-14,Brand A,India,11850.0,11850.0,11850.0,5160.0,1,18152
2024-02-14,Brand A,India,11760.0,-61037.0,-61037.0,5458.0,1,1667
2024-02-14,Brand A,India,11760.0,6720.0,6720.0,7776.0,1,1660
2024-02-14,Brand E,India,11620.0,11620.0,11620.0,8130.0,1,13651
2024-02-15,Brand B,India,11440.67,10296.61,12150.0,6950.0,1,5513
2024-02-15,Brand A,India,11404.0,485.0,3485.0,6501.0,2,6657
2024-02-15,Brand A,India,11198.0,11198.0,11198.0,5924.0,2,7828
2024-02-15,Brand B,India,11160.71,11160.71,12500.0,3840.0,1,3782
2024-02-15,Brand A,India,11100.0,-3700.0,-3700.0,6412.0,1,6399
2024-02-15,Brand A,India,11100.0,9990.0,9990.0,8600.0,1,19195
2024-02-15,Brand A,India,11100.0,11100.0,11100.0,8460.0,1,15458
2024-02-15,Brand A,India,11100.0,10545.0,10545.0,7503.0,1,643
2024-02-15,Brand A,India,11060.0,11060.0,14060.0,7594.0,1,13805
2024-02-15,Brand A,India,11060.0,-7840.0,-7840.0,3241.0,1,15447
2024-02-16,Brand A,India,11060.0,-15623.0,-15623.0,3871.0,1,8053
2024-02-16,Brand B,India,11016.94,11016.94,13000.0,4277.0,1,6255
2024-02-16,Brand A,India,10919.0,0.0,0.0,8384.0,1,11478
2024-02-16,Brand A,India,10919.0,9827.1,9827.1,3556.0,1,17652
2024-02-16,Brand A,India,10919.0,10919.0,10919.0,8099.0,1,15089
2024-02-16,Brand A,India,10919.0,10919.0,10919.0,4988.0,1,9873
2024-02-16,Brand A,India,10919.0,10919.0,10919.0,6614.0,1,13227
2024-02-16,Brand B,India,10714.29,10714.29,12000.0,7177.0,1,18411
2024-02-16,Brand B,India,10593.22,9533.9,11250.0,7551.0,1,10576
2024-02-16,Brand B,India,10593.22,10593.22,12500.0,5054.0,1,16038
2024-02-17,Brand A,India,10500.0,10500.0,10500.0,4143.0,2,14350
2024-02-17,Brand E,India,10500.0,10500.0,11000.0,5343.0,2,1865
2024-02-17,Brand B,India,10267.86,10267.86,11500.0,7272.0,1,7022
2024-02-17,Brand A,India,9701.69,6101.69,7200.0,7724.0,2,6526
2024-02-17,Brand D,India,9000.0,9000.0,9000.0,8178.0,1,17785
2024-02-17,Brand B,India,8898.31,8898.31,10500.0,7467.0,1,6606
2024-02-17,Brand B,India,8898.31,8898.31,10500.0,4851.0,1,525
2024-02-17,Brand B,India,8898.31,-1525.42,-1800.0,4457.0,1,9314
2024-02-18,Brand B,India,8898.31,8898.31,10500.0,4057.0,1,2188
2024-02-18,Brand B,India,8898.31,8898.31,10500.0,6816.0,1,11217
2024-02-18,Brand B,India,8898.31,8898.31,10500.0,8954.0,1,16478
2024-02-18,Brand B,India,8839.29,8839.29,9900.0,4823.0,1,15280
2024-02-18,Brand B,India,8839.29,8839.29,9900.0,4847.0,1,6943
2024-02-18,Brand B,India,8482.14,8482.14,9500.0,5069.0,1,7510
2024-02-18,Brand B,India,8474.58,8474.58,10500.0,6804.0,1,12147
2024-02-18,Brand B,India,8389.83,7550.85,8910.0,4471.0,1,9055
2024-02-19,Brand B,India,8389.83,7550.85,8910.0,6353.0,1,19905
2024-02-19,Brand A,India,7700.0,7700.0,7700.0,5264.0,1,18798
2024-02-19,Brand E,India,7280.0,7280.0,7280.0,5610.0,1,12339
2024-02-19,Brand B,India,7203.39,-12288.14,-14500.0,6604.0,0,4335
2024-02-19,Brand B,India,7024.79,7024.79,8500.0,5695.0,1,7789
2024-02-19,Brand E,India,6720.0,6720.0,7220.0,6172.0,1,944
2024-02-19,Brand A,India,6299.0,6299.0,6299.0,4741.0,1,7445
2024-02-19,Brand E,India,6160.0,6160.0,6160.0,5971.0,1,15877
2024-02-19,Brand A,India,6101.69,6101.69,7200.0,7244.0,1,6159
2024-02-19,Brand A,India,6101.69,6101.69,7200.0,6238.0,1,12495
2024-02-20,Brand A,India,5949.0,5949.0,5949.0,6477.0,1,9315
2024-02-20,Brand A,India,5949.0,5949.0,5949.0,8635.0,1,543
2024-02-20,Brand E,India,5600.0,5600.0,5600.0,5569.0,1,6249
2024-02-20,Brand B,India,5508.47,5508.47,6500.0,8151.0,1,16818
2024-02-20,Brand A,India,5040.0,5040.0,5040.0,7408.0,1,19773
2024-02-20,Brand A,India,4800.0,4800.0,4800.0,5714.0,1,17987
2024-02-20,Brand E,India,3900.0,3900.0,3900.0,7146.0,1,19263
2024-02-20,Brand A,India,3600.0,3600.0,3600.0,5559.0,1,4005
2024-02-20,Brand A,India,2940.0,2940.0,2940.0,7900.0,1,18983
2024-02-20,Brand A,Singapore,2099.0,1889.1,1889.1,4952.0,1,17860
2024-02-21,Brand A,Singapore,2099.0,0.0,0.0,8755.0,1,5253
2024-02-21,Brand A,Singapore,1800.0,1800.0,1800.0,3756.0,1,13171
2024-02-21,Brand D,Singapore,32.0,32.0,32.0,7651.0,1,6484
2024-02-21,Brand D,Singapore,32.0,32.0,32.0,6241.0,1,14983
2024-02-21,Brand B,Turkey,27530.0,12179.0,24971.0,4899.86606,2,3337
2024-02-21,Brand C,Turkey,25545.0,10301.0,33681.0,4801.68,10,16809
2024-02-21,Brand E,Turkey,8883.0,17359.0,25568.0,10871.7,8,6353
2024-02-21,Brand B,Turkey,27756.0,30772.0,25616.0,5104.0654,5,6429
2024-02-21,Brand C,Turkey,39405.0,38256.0,9234.0,9802.14,5,12751
2024-02-21,Brand A,Turkey,5816.0,30279.0,11778.0,6021.4637,10,18074
2024-02-22,Brand E,Turkey,30781.0,23053.0,13160.0,6046.09,10,19825
2024-02-22,Brand B,Turkey,6816.0,17780.0,11918.0,4824.96183,8,15273
2024-02-22,Brand C,Turkey,36521.0,15721.0,24952.0,11896.37,9,10138
2024-02-22,Brand A,Turkey,29821.0,7874.0,28418.0,3573.9816,1,9097
2024-02-22,Brand B,Turkey,22213.0,15956.0,31530.0,4490.61027,6,13602
2024-02-22,Brand C,Turkey,35940.0,32208.0,6882.0,11917.81,6,14535
2024-02-22,Brand E,Turkey,41937.0,15153.0,37468.0,0.0,1,7443
2024-02-22,Brand D,Turkey,27914.0,13279.0,10701.0,3624.37914,3,3857
2024-02-22,Brand D,Turkey,32614.0,27583.0,34754.0,5989.28,7,10167
2024-02-22,Brand C,Turkey,11205.0,39913.0,20543.0,13493.05,8,11880
2024-02-23,Brand A,Turkey,20641.0,23546.0,32395.0,4788.8465,8,16937
2024-02-23,Brand B,Turkey,43558.0,8437.0,32239.0,5650.3,7,12700
2024-02-23,Brand B,Turkey,44110.0,18567.0,11625.0,5755.7831,9,17605
2024-02-23,Brand C,Turkey,42474.0,31146.0,17594.0,15086.21,7,695
2024-02-23,Brand B,Turkey,9884.0,22418.0,11074.0,5751.42556,5,15145
2024-02-23,Brand C,Turkey,45579.0,15364.0,39031.0,12023.472,5,7215
2024-02-23,Brand A,Turkey,20906.0,18749.0,6050.0,7420.1023,5,749
2024-02-23,Brand B,Turkey,43489.0,17580.0,8952.0,5438.03169,7,6395
2024-02-23,Brand C,Turkey,22294.0,10333.0,21202.0,21064.78,7,5829
2024-02-23,Brand A,Japan,31692.0,24849.0,37290.0,7357.4573,8,13996
2024-02-24,Brand B,Japan,32083.0,21068.0,7156.0,7011.5561,9,12919
2024-02-24,Brand A,Japan,33364.0,14081.0,39096.0,6745.624,1,18170
2024-02-24,Brand D,Japan,7258.0,21352.0,32046.0,4253.4568,5,13661
2024-02-24,Brand D,Japan,39736.0,22101.0,19519.0,6701.04,10,13694
2024-02-24,Brand C,Japan,18954.0,12616.0,30141.0,3870.5601,6,18065
2024-02-24,Brand A,Japan,20054.0,23046.0,14196.0,5398.1558,3,15847
2024-02-24,Brand B,Japan,27091.0,34563.0,23431.0,6689.76096,7,14895
2024-02-24,Brand A,Japan,22693.0,29311.0,17557.0,1403.4889,9,7845
2024-02-24,Brand B,Japan,39211.0,29144.0,31071.0,6141.09,6,16851
2024-02-25,Brand B,Japan,49305.0,13707.0,17770.0,5945.67008,9,19136
2024-02-25,Brand A,Japan,46926.0,30815.0,11010.0,6840.5906,5,9054
2024-02-25,Brand C,Japan,30913.0,9611.0,26006.0,7903.06,5,10068
2024-02-25,Brand B,Japan,45104.0,17041.0,22137.0,6230.86246,5,7013
2024-02-25,Brand E,Japan,5550.0,22027.0,22048.0,0.24,8,2258
2024-02-25,Brand A,Japan,6098.0,36077.0,12320.0,6557.6287,5,16562
2024-02-25,Brand B,Japan,24885.0,17584.0,6535.0,5621.15,8,551
2024-02-25,Brand E,Japan,11814.0,34469.0,8215.0,4349.98,2,18247
2024-02-25,Brand A,Japan,39430.0,18576.0,24674.0,6162.8018,10,10808
2024-02-25,Brand D,Japan,39046.0,21520.0,13621.0,7400.5392,8,11219
2024-02-26,Brand D,Japan,9560.0,18126.0,12947.0,6556.72,4,13138
2024-02-26,Brand A,Japan,44980.0,15742.0,21068.0,6092.1785,9,4997
2024-02-26,Brand B,Japan,39886.0,27192.0,26510.0,5323.91,6,9646
2024-02-26,Brand D,Japan,5357.0,8425.0,36693.0,8217.227,3,3597
2024-02-26,Brand D,Japan,41477.0,38323.0,18674.0,8378.9357,8,2862
2024-02-26,Brand E,Japan,13076.0,35391.0,29068.0,6180.63,4,16660
2024-02-26,Brand A,Japan,42329.0,11174.0,7402.0,6976.2046,10,763
2024-02-26,Brand D,Japan,21709.0,6343.0,7461.0,5721.41,3,1630
2024-02-26,Brand D,Japan,17898.0,5885.0,32434.0,5518.6,10,8446
2024-02-26,Brand D,Japan,35983.0,20442.0,17981.0,5329.882286,8,14064
2024-02-27,Brand D,Japan,42953.0,21381.0,37639.0,6562.46,5,18232
2024-02-27,Brand D,Japan,12835.0,15659.0,9680.0,4773.22,1,8096
2024-02-27,Brand B,Japan,22747.0,12664.0,19248.0,4061.91,7,19043
2024-02-27,Brand D,Japan,20581.0,11477.0,7087.0,6769.47,6,3514
2024-02-27,Brand D,Japan,18095.0,31707.0,23563.0,5370.12,8,13734
2024-02-27,Brand D,Japan,49570.0,10706.0,26771.0,4727.026585,2,11171
2024-02-27,Brand B,Japan,47375.0,12896.0,27777.0,4163.309177,6,17449
2024-02-27,Brand D,Japan,22697.0,34840.0,39764.0,6795.01,8,15259
2024-02-27,Brand D,Japan,26502.0,7236.0,21427.0,4733.04,3,10635
2024-02-28,Brand B,Japan,19259.0,21996.0,33481.0,3998.95,8,3866
2024-02-28,Brand D,Japan,10106.0,17968.0,16088.0,6129.5,5,3009
2024-02-28,Brand D,Japan,32039.0,15029.0,8570.0,5249.95,8,1928
2024-02-28,Brand C,Japan,16426.0,33686.0,33932.0,21718.17,7,7138
2024-02-28,Brand D,Japan,27533.0,35815.0,31085.0,5704.56,2,10923
2024-02-28,Brand D,Japan,12063.0,17808.0,16422.0,4337.84,2,16632
2024-02-28,Brand D,Japan,18037.0,27876.0,11940.0,5638.26146,4,14319
2024-02-28,Brand D,Japan,43793.0,23700.0,9218.0,4262.83,2,9813
2024-02-29,Brand D,Japan,25478.0,36522.0,15581.0,4352.45,6,7600
2024-02-29,Brand B,Japan,17975.0,38338.0,5330.0,4273.810001,1,17572
2024-02-29,Brand D,Japan,9650.0,26405.0,12644.0,6753.52,10,6817
2024-02-29,Brand B,Japan,27047.0,6138.0,22178.0,7431.65,2,17617
2024-02-29,Brand B,Japan,12786.0,31300.0,37602.0,8305.63,3,3815
2024-02-29,Brand D,Japan,24577.0,34926.0,13759.0,6077.611205,10,17116
2024-02-29,Brand D,Japan,21279.0,22532.0,17465.0,5161.51,9,12853
2024-02-29,Brand D,Japan,38914.0,13574.0,27880.0,10064.6,3,13504
2024-02-29,Brand B,Japan,30302.0,33840.0,35662.0,4302.91,2,19218
2024-02-29,Brand D,USA,20696.0,13306.0,37100.0,6457.5,1,17770
2024-03-01,Brand D,USA,14885.0,33787.0,37794.0,4826.58,4,11934
2024-03-01,Brand B,USA,39976.0,6009.0,26745.0,10322.39,4,15829
2024-03-01,Brand D,USA,34736.0,7553.0,30852.0,10239.76,9,10015
2024-03-01,Brand D,USA,42345.0,27106.0,38109.0,8352.704,1,18246
2024-03-01,Brand B,USA,40322.0,30133.0,37263.0,8499.98,8,4151
2024-03-01,Brand D,USA,38935.0,30096.0,35727.0,10383.65433,10,14948
2024-03-01,Brand B,USA,43986.0,30352.0,26120.0,5687.089162,10,6783
2024-03-01,Brand A,USA,17941.0,9832.0,10805.0,9538.905728,10,4342
2024-03-01,Brand D,USA,41630.0,36710.0,5048.0,10657.0827,3,15477
2024-03-02,Brand D,USA,44396.0,33082.0,29240.0,10900.3753,9,11793
2024-03-02,Brand D,USA,23643.0,6797.0,37005.0,7200.3725,6,3960
2024-03-02,Brand E,USA,33320.0,24068.0,20924.0,253.78,8,13680
2024-03-02,Brand E,USA,31787.0,23894.0,17033.0,529.81,8,17748
2024-03-02,Brand E,USA,18262.0,19225.0,22917.0,6225.04,10,4655
2024-03-02,Brand E,USA,48780.0,39574.0,32911.0,0.0,2,6376
2024-03-02,Brand D,USA,28305.0,36485.0,8462.0,10968.7428,2,18331
2024-03-02,Brand E,USA,11960.0,31495.0,11725.0,0.0,5,905
2024-03-02,Brand B,USA,21166.0,38492.0,37455.0,7159.79,5,18017
2024-03-03,Brand B,USA,45013.0,10692.0,23864.0,6290.32,1,5918
2024-03-03,Brand B,USA,21458.0,39370.0,15017.0,6714.71,5,13515
2024-03-03,Brand E,USA,48842.0,14193.0,28591.0,6698.34,3,1905
2024-03-03,Brand E,USA,35864.0,33092.0,23805.0,0.0,1,12976
2024-03-03,Brand D,USA,19229.0,23660.0,22170.0,11805.02725,6,12306
2024-03-03,Brand B,USA,7062.0,7456.0,23200.0,6249.743771,7,12838
2024-03-03,Brand D,USA,5038.0,10411.0,18354.0,5438.24,6,14618
2024-03-03,Brand A,USA,40226.0,16662.0,9861.0,5621.8691,2,2696
2024-03-04,Brand D,USA,13031.0,11007.0,31402.0,5578.37,8,15959
2024-03-04,Brand E,USA,13543.0,18054.0,17336.0,5543.51,7,10937
2024-03-04,Brand B,USA,42838.0,16785.0,22729.0,4458.97,5,18140
2024-03-04,Brand B,USA,42235.0,23811.0,7475.0,5487.36,9,18237
2024-03-04,Brand E,USA,36150.0,37055.0,26798.0,6689.64,1,18070
2024-03-04,Brand C,USA,10275.0,22798.0,13881.0,12272.82,1,2957
2024-03-04,Brand E,USA,35839.0,15195.0,25182.0,3879.29,9,7107
2024-03-04,Brand D,USA,45421.0,34226.0,12184.0,11357.05727,5,10246
2024-03-04,Brand B,USA,47620.0,23670.0,36390.0,2566.33,10,3241
2024-03-05,Brand B,USA,45201.0,20745.0,26600.0,3085.69,5,6927
2024-03-05,Brand B,USA,36138.0,28956.0,9392.0,3680.81,9,6925
2024-03-05,Brand C,USA,24277.0,20594.0,6450.0,9052.55,6,10230
2024-03-05,Brand E,USA,44444.0,31938.0,35966.0,1371.07,6,13441
2024-03-05,Brand E,USA,38727.0,19998.0,35507.0,0.0,3,19887
2024-03-05,Brand D,USA,16724.0,14266.0,38391.0,10757.95464,4,9263
2024-03-05,Brand D,USA,45519.0,23269.0,25415.0,8081.196,5,11423
2024-03-05,Brand B,USA,40877.0,10211.0,8454.0,11215.49,7,8502
2024-03-05,Brand E,USA,10170.0,18693.0,19815.0,6608.15,2,11543
2024-03-06,Brand E,USA,44745.0,32331.0,39659.0,6204.39,8,8744
2024-03-06,Brand E,USA,42460.0,31888.0,12284.0,4011.4,3,3795
2024-03-06,Brand E,USA,31190.0,28880.0,19243.0,5442.83,2,8073
2024-03-06,Brand C,USA,41370.0,30802.0,28810.0,11899.12,3,247
2024-03-06,Brand B,USA,6094.0,11757.0,9906.0,6781.66356,10,439
2024-03-06,Brand C,USA,46435.0,14960.0,23367.0,9866.52,8,10310
2024-03-06,Brand C,USA,24986.0,29425.0,28637.0,9573.56,10,2622
2024-03-06,Brand E,USA,28180.0,13028.0,30495.0,6482.61,1,5272
2024-03-06,Brand E,USA,40590.0,14838.0,37794.0,6628.996,5,9591
2024-03-06,Brand E,USA,40920.0,37956.0,15549.0,4910.392,4,2270
2024-03-07,Brand C,USA,16694.0,34884.0,30789.0,18614.55,5,17016
2024-03-07,Brand D,USA,29266.0,10913.0,16217.0,10668.9077,1,6614
2024-03-07,Brand A,USA,49598.0,35206.0,13450.0,5754.573523,1,9940
2024-03-07,Brand D,USA,15933.0,28394.0,36637.0,4547.66,3,436
2024-03-07,Brand B,USA,19881.0,5767.0,35271.0,9529.79,4,9189
2024-03-07,Brand E,USA,47992.0,10250.0,30093.0,6641.09,1,9001
2024-03-07,Brand C,USA,29603.0,13031.0,30391.0,7819.29,1,5092
2024-03-07,Brand E,USA,42399.0,28131.0,16409.0,4474.37,10,15588
2024-03-07,Brand E,USA,27401.0,9716.0,32816.0,5017.26,8,8533
2024-03-07,Brand C,USA,37208.0,38953.0,25092.0,9866.88,9,284
2024-03-08,Brand D,USA,10641.0,7513.0,18208.0,10173.1285,10,18556
2024-03-08,Brand C,USA,48329.0,28231.0,33556.0,8877.42,7,7277
2024-03-08,Brand E,USA,30208.0,14791.0,30760.0,6588.19,9,3919
2024-03-08,Brand E,USA,48467.0,24689.0,22971.0,10028.61,10,16082
2024-03-08,Brand B,USA,17917.0,9775.0,33352.0,11019.48,8,2380
2024-03-08,Brand B,USA,46150.0,10661.0,15802.0,7040.89,9,2757
2024-03-08,Brand B,USA,5866.0,15211.0,31263.0,5945.11,4,19610
2024-03-08,Brand D,USA,41486.0,9812.0,12929.0,8638.6435,6,12291
2024-03-08,Brand D,USA,23204.0,7536.0,30260.0,7591.5101,2,11804
2024-03-08,Brand E,USA,7952.0,23437.0,17516.0,5792.98,8,19420
2024-03-09,Brand E,USA,17406.0,34671.0,16581.0,6549.05,8,8850
2024-03-09,Brand E,USA,6715.0,7483.0,38926.0,4525.86,3,5044
2024-03-09,Brand C,USA,9834.0,21013.0,21239.0,7795.15,5,3846
2024-03-09,Brand C,USA,38221.0,36878.0,5927.0,9526.24,9,13527
2024-03-09,Brand C,USA,29201.0,25956.0,5394.0,11997.19,5,9545
2024-03-09,Brand D,USA,43508.0,21305.0,7917.0,7499.49896,9,3678
2024-03-09,Brand E,USA,6161.0,32400.0,15650.0,0.0,10,1494
2024-03-09,Brand C,USA,11408.0,38228.0,13749.0,22982.05,6,15657
2024-03-09,Brand E,USA,43943.0,11590.0,17582.0,279.43,6,4178
2024-03-10,Brand B,USA,28676.0,30304.0,31077.0,12676.45,9,16452
2024-03-10,Brand B,USA,12396.0,14095.0,27228.0,11007.63,5,1941
2024-03-10,Brand B,USA,39751.0,10102.0,22535.0,9980.58,6,8968
2024-03-10,Brand D,USA,48673.0,8523.0,31753.0,6961.9953,5,7016
2024-03-10,Brand D,USA,45234.0,36731.0,22034.0,7403.4829,1,11066
2024-03-10,Brand D,USA,19636.0,28402.0,7748.0,4794.54,6,17282
2024-03-10,Brand D,USA,14886.0,10003.0,12433.0,5353.03,5,258
2024-03-10,Brand E,USA,33004.0,10557.0,5399.0,5578.95,4,5645
2024-03-10,Brand E,USA,13697.0,10855.0,10656.0,6471.07,10,2408
2024-03-11,Brand B,USA,32695.0,8912.0,10712.0,5149.54,4,19132
2024-03-11,Brand B,USA,40172.0,38526.0,15248.0,5561.97,10,5762
2024-03-11,Brand C,USA,39378.0,10188.0,31683.0,7822.31,5,11006
2024-03-11,Brand C,USA,13619.0,39748.0,37602.0,12594.29,3,18496
2024-03-11,Brand D,USA,15108.0,21109.0,5271.0,6148.976,2,14827
2024-03-11,Brand E,USA,24046.0,27890.0,13722.0,4743.67,4,3713
2024-03-11,Brand E,USA,38199.0,21923.0,29569.0,6106.63,10,357
2024-03-11,Brand E,USA,35967.0,25914.0,23990.0,5440.02,10,2262
2024-03-11,Brand C,USA,20274.0,21791.0,13285.0,12684.08,4,12181
2024-03-11,Brand C,USA,33476.0,34972.0,35892.0,19102.41,8,13952
2024-03-12,Brand C,USA,20179.0,6765.0,15369.0,18795.85,8,10982
2024-03-12,Brand D,USA,32536.0,16701.0,26964.0,6244.89745,7,1599
2024-03-12,Brand C,USA,17259.0,9001.0,11113.0,12406.664,2,12223
2024-03-12,Brand C,USA,25252.0,39176.0,14060.0,19746.072,1,11176
2024-03-12,Brand C,USA,39081.0,17658.0,33665.0,18498.828,4,18925
2024-03-12,Brand E,USA,26848.0,26406.0,5721.0,4628.81,8,2988
2024-03-12,Brand B,USA,33231.0,10903.0,12634.0,12391.29,2,4881
2024-03-12,Brand B,USA,26920.0,5283.0,28563.0,8318.88,1,2913
2024-03-13,Brand B,USA,45313.0,38011.0,24081.0,7301.99,7,16727
2024-03-13,Brand D,USA,41872.0,20275.0,8695.0,6349.19584,10,15086
2024-03-13,Brand B,USA,31805.0,28761.0,10864.0,7670.75,9,11318
2024-03-13,Brand E,USA,8170.0,14734.0,26875.0,5338.31,6,5912
2024-03-13,Brand E,USA,44516.0,20167.0,32516.0,1259.15,9,6822
2024-03-13,Brand B,USA,8480.0,17797.0,6060.0,5151.63,1,7786
2024-03-13,Brand B,USA,17898.0,25668.0,12604.0,5397.23,8,18373
2024-03-13,Brand B,USA,37833.0,25749.0,18921.0,5413.86,7,15332
2024-03-13,Brand B,USA,10355.0,12750.0,31083.0,7586.96,10,13197
2024-03-14,Brand D,USA,14768.0,17116.0,12532.0,8016.8554,4,19576
2024-03-14,Brand A,USA,19791.0,39080.0,13667.0,10312.79819,9,5573
2024-03-14,Brand C,USA,11001.0,33267.0,29527.0,7471.42,6,19996
2024-03-14,Brand C,USA,37227.0,25205.0,5360.0,7637.36,9,2852
2024-03-14,Brand E,USA,25211.0,27801.0,38613.0,6696.99,3,1398
2024-03-14,Brand E,USA,43199.0,36352.0,6429.0,58.34,4,13204
2024-03-14,Brand C,USA,15404.0,38784.0,38934.0,9183.45,1,13932
2024-03-14,Brand C,USA,26476.0,9643.0,35407.0,9204.38,4,812
2024-03-14,Brand D,USA,40207.0,35816.0,8914.0,6395.6476,8,8789
2024-03-15,Brand C,USA,20109.0,13575.0,6778.0,7390.97,5,1109
2024-03-15,Brand E,USA,40869.0,32910.0,17088.0,0.0,5,9511
2024-03-15,Brand E,USA,24043.0,14162.0,23473.0,5478.32,9,17604
2024-03-15,Brand E,USA,10691.0,32161.0,29062.0,1621.19,3,5681
2024-03-15,Brand C,USA,42052.0,13890.0,18917.0,11353.84,4,2268
2024-03-15,Brand C,USA,40610.0,24808.0,7046.0,11169.6,4,10735
2024-03-15,Brand B,USA,13137.0,18261.0,31434.0,12301.81,5,6561
2024-03-15,Brand D,USA,14387.0,20382.0,7834.0,8288.7768,7,3111
2024-03-16,Brand B,USA,18195.0,12173.0,33991.0,5201.63,8,2561
2024-03-16,Brand D,USA,48124.0,37560.0,37346.0,5433.68,3,16558
2024-03-16,Brand C,USA,17668.0,19783.0,19619.0,18371.93,7,9800
2024-03-16,Brand C,USA,19724.0,18039.0,38781.0,17546.65,9,3911
2024-03-16,Brand A,Singapore,13438.0,33614.0,22076.0,0.0,2,18755
2024-03-16,Brand E,USA,43661.0,32040.0,37522.0,4739.24,3,13611
2024-03-16,Brand A,Singapore,5688.0,33889.0,35983.0,0.0,8,16311
2024-03-16,Brand D,Singapore,5626.0,28093.0,15391.0,0.0,1,543
2024-03-16,Brand B,Singapore,25173.0,9068.0,21785.0,0.0,5,409
2024-03-16,Brand D,USA,9607.0,28983.0,20094.0,6619.4385,7,5288
2024-03-17,Brand B,USA,12010.0,8101.0,15400.0,6641.42212,7,3421
2024-03-17,Brand B,Singapore,5191.0,23246.0,36129.0,0.0,2,17386
2024-03-17,Brand B,Singapore,29988.0,10404.0,17459.0,0.0,6,8246
2024-03-17,Brand A,Singapore,44632.0,9614.0,16419.0,0.0,9,9878
2024-03-17,Brand B,USA,30512.0,28226.0,13358.0,6303.1113,10,3714
2024-03-17,Brand E,Singapore,28710.0,19366.0,35226.0,0.0,6,1058
2024-03-17,Brand B,Singapore,32916.0,34115.0,35870.0,0.0,8,1399
2024-03-17,Brand B,Singapore,7106.0,9515.0,27604.0,0.0,7,4268
2024-03-18,Brand B,USA,24378.0,13133.0,21302.0,11354.31,10,13503
2024-03-18,Brand D,USA,41647.0,33341.0,37000.0,7154.9382,8,2793
2024-03-18,Brand A,USA,37205.0,11469.0,27234.0,10927.37557,8,19134
2024-03-18,Brand D,USA,44143.0,28273.0,20446.0,4291.12,6,11736
2024-03-18,Brand C,USA,31657.0,26900.0,37566.0,18773.53,2,16117
2024-03-18,Brand C,USA,45932.0,36030.0,30757.0,18061.44,5,5380
2024-03-18,Brand D,USA,16774.0,38248.0,14470.0,5242.88,6,8709
2024-03-18,Brand B,USA,18560.0,38960.0,21858.0,6463.28328,7,12416
2024-03-18,Brand C,USA,19094.0,24626.0,23051.0,15843.58,4,13478
2024-03-18,Brand C,USA,18398.0,12361.0,9909.0,14101.09,8,3895
2024-03-19,Brand B,Singapore,26685.0,36755.0,24736.0,0.0,1,10451
2024-03-19,Brand B,USA,7264.0,11536.0,13667.0,4305.0335,9,13280
2024-03-19,Brand C,USA,29130.0,8462.0,24614.0,7931.8172,3,2825
2024-03-19,Brand E,USA,33244.0,33137.0,17879.0,4928.83,1,14191
2024-03-19,Brand A,USA,33945.0,22304.0,28530.0,4317.23,8,3501
2024-03-19,Brand D,USA,5757.0,37971.0,37908.0,4273.7,8,10788
2024-03-19,Brand C,USA,33327.0,12904.0,21561.0,8032.711,2,1984
2024-03-19,Brand E,USA,41174.0,36689.0,34665.0,5444.48,6,16029
2024-03-19,Brand D,USA,6957.0,20691.0,19027.0,6645.06967,3,1295
2024-03-19,Brand E,USA,35022.0,34083.0,30789.0,0.0,9,13871
2024-03-20,Brand A,USA,25276.0,13281.0,21647.0,5510.81,6,16158
2024-03-20,Brand C,USA,6266.0,38202.0,11546.0,8750.9201,5,18803
2024-03-20,Brand E,USA,26739.0,32329.0,27682.0,5283.23,9,4499
2024-03-20,Brand A,USA,38556.0,34032.0,16469.0,2150.0656,5,7473
2024-03-20,Brand A,USA,27181.0,28607.0,32590.0,5462.71,9,12007
2024-03-20,Brand C,USA,47690.0,20320.0,22404.0,9361.5841,7,6931
2024-03-20,Brand E,USA,16794.0,12782.0,26710.0,2023.25,10,10968
2024-03-20,Brand D,USA,19150.0,12764.0,34522.0,6884.06716,3,7626
2024-03-20,Brand D,USA,41921.0,19506.0,18311.0,7276.0508,2,654
2024-03-21,Brand E,USA,47068.0,25501.0,13410.0,10408.72,2,19284
2024-03-21,Brand C,USA,31215.0,18243.0,34662.0,9386.0623,1,7219
2024-03-21,Brand D,USA,26898.0,29818.0,27595.0,5184.9,6,7868
2024-03-21,Brand E,USA,26375.0,8853.0,30885.0,0.0,9,10245
2024-03-21,Brand C,USA,33716.0,33547.0,28555.0,9515.5739,5,2434
2024-03-21,Brand A,USA,32107.0,13249.0,23012.0,6270.32,6,3970
2024-03-21,Brand C,USA,21992.0,39479.0,8224.0,8638.817,9,3791
2024-03-21,Brand D,USA,7199.0,27012.0,39593.0,8150.15943,7,10830
2024-03-21,Brand A,USA,23962.0,21827.0,26421.0,5525.73,4,11071
2024-03-21,Brand C,USA,17939.0,16460.0,9510.0,11912.9656,7,9519
2024-03-22,Brand E,USA,38130.0,12554.0,16048.0,8100.97,8,7595
2024-03-22,Brand C,USA,12018.0,15139.0,7436.0,11699.3368,10,19606
2024-03-22,Brand E,USA,47462.0,20811.0,29008.0,8145.03,4,10504
2024-03-22,Brand A,USA,33805.0,33714.0,7910.0,5055.93,3,19005
2024-03-22,Brand D,USA,24687.0,23825.0,13835.0,433.03436,1,7766
2024-03-22,Brand D,USA,32246.0,29004.0,28051.0,7604.1142,10,2880
2024-03-22,Brand D,USA,12761.0,23825.0,21078.0,4942.96,1,6085
2024-03-22,Brand E,USA,42833.0,5824.0,13738.0,7806.88,9,15087
2024-03-22,Brand A,USA,28408.0,36656.0,27711.0,4830.47,9,10322
2024-03-23,Brand C,USA,13319.0,26998.0,37120.0,12702.3363,1,2711
2024-03-23,Brand A,USA,21363.0,7246.0,33535.0,6038.2707,2,2171
2024-03-23,Brand C,USA,20211.0,16659.0,16796.0,13712.2408,1,6109
2024-03-23,Brand A,USA,38043.0,17264.0,23797.0,3063.7656,5,17549
2024-03-23,Brand D,USA,9181.0,14690.0,12152.0,554.0358,2,10709
2024-03-23,Brand E,USA,9183.0,15805.0,31722.0,0.0,4,19359
2024-03-23,Brand A,USA,47377.0,19959.0,18316.0,2006.2806,6,11512
2024-03-23,Brand C,USA,33199.0,5756.0,30161.0,13394.757,8,17767
2024-03-23,Brand C,USA,15265.0,34226.0,17841.0,13618.469,1,9309
2024-03-23,Brand A,USA,16616.0,37173.0,19257.0,1109.19,8,12862
2024-03-24,Brand B,USA,28912.0,26136.0,18950.0,13355.79,8,1085
2024-03-24,Brand D,USA,6736.0,9212.0,9484.0,518.7968,9,15355
2024-03-24,Brand D,USA,38056.0,15190.0,16169.0,7906.6477,1,1687
2024-03-24,Brand A,USA,8393.0,35662.0,10064.0,3645.2931,2,17182
2024-03-24,Brand C,USA,8634.0,22891.0,38132.0,13921.0074,1,4590
2024-03-24,Brand E,USA,28149.0,13928.0,24239.0,6877.88,9,4135
2024-03-24,Brand C,USA,24568.0,24213.0,10975.0,13672.7265,3,15466
2024-03-24,Brand E,USA,27018.0,6538.0,15708.0,7239.67,1,12631
2024-03-24,Brand A,USA,19144.0,10956.0,5835.0,6633.1231,9,11335
2024-03-25,Brand D,USA,28736.0,24282.0,7329.0,324.19359,5,19190
2024-03-25,Brand E,USA,6690.0,38608.0,15814.0,674.9,3,12522
2024-03-25,Brand B,USA,8868.0,35294.0,16848.0,11460.1769,8,7815
2024-03-25,Brand A,USA,25848.0,8558.0,24307.0,7551.4179,2,15494
2024-03-25,Brand E,USA,32845.0,14680.0,32248.0,695.77,3,12261
2024-03-25,Brand A,USA,18439.0,29666.0,21695.0,7440.3375,1,7455
2024-03-25,Brand B,USA,29970.0,15097.0,16766.0,9601.536355,10,18835
2024-03-25,Brand D,USA,17093.0,25352.0,19971.0,807.86906,5,12271
2024-03-25,Brand D,USA,28085.0,28617.0,32663.0,7506.1018,6,4133
2024-03-25,Brand A,USA,33580.0,28926.0,7586.0,9294.296,3,10626
2024-03-26,Brand E,USA,49049.0,25656.0,11323.0,9369.85,3,743
2024-03-26,Brand E,USA,31586.0,23548.0,39511.0,6539.83,7,12446
2024-03-26,Brand B,USA,6231.0,10044.0,12101.0,8674.8841,8,13726
2024-03-26,Brand A,USA,6979.0,25780.0,26506.0,6958.1387,4,8220
2024-03-26,Brand E,USA,38707.0,17809.0,33524.0,7237.23,6,9733
2024-03-26,Brand B,USA,37706.0,15816.0,23899.0,9125.005901,6,18421
2024-03-26,Brand A,USA,10462.0,37008.0,34968.0,3023.72,10,8102
2024-03-26,Brand D,USA,30289.0,27142.0,23518.0,2773.05918,6,11390
2024-03-26,Brand E,USA,36482.0,25331.0,11952.0,6742.33,8,5514
2024-03-26,Brand A,USA,41689.0,31173.0,25144.0,3282.49,1,13548
2024-03-27,Brand C,USA,38709.0,35850.0,35564.0,15504.6228,2,206
2024-03-27,Brand C,USA,46254.0,34638.0,14062.0,15268.266,1,9293
2024-03-27,Brand E,USA,11094.0,13742.0,15868.0,4521.39,10,2565
2024-03-27,Brand A,USA,27888.0,6634.0,7501.0,3339.5,9,18384
2024-03-27,Brand D,USA,17129.0,16262.0,27054.0,8250.3582,10,1853
2024-03-27,Brand D,USA,26022.0,21823.0,36760.0,7714.5853,5,6731
2024-03-27,Brand E,USA,40418.0,5255.0,10504.0,6971.13,7,6170
2024-03-27,Brand A,USA,24499.0,33747.0,18046.0,3427.25,9,2394
2024-03-27,Brand C,USA,7167.0,32972.0,27412.0,12019.19812,3,18334
2024-03-28,Brand A,USA,5328.0,33387.0,24082.0,3460.57,5,16078
2024-03-28,Brand E,USA,21571.0,24474.0,9326.0,7844.4,6,4595
2024-03-28,Brand C,USA,42197.0,20305.0,5693.0,10925.03952,1,7768
2024-03-28,Brand E,USA,29194.0,29001.0,39365.0,8556.46,6,8007
2024-03-28,Brand C,USA,28281.0,34980.0,27228.0,11385.2177,4,5329
2024-03-28,Brand A,USA,20058.0,30998.0,10470.0,4150.98,10,12287
2024-03-28,Brand C,USA,11104.0,38662.0,38103.0,12327.10651,5,3121
2024-03-28,Brand A,USA,30505.0,18173.0,16130.0,4243.14,5,5308
2024-03-28,Brand C,USA,26849.0,6487.0,37953.0,12251.58875,4,19374
2024-03-28,Brand E,USA,34075.0,32770.0,12459.0,7308.41,6,10637
2024-03-29,Brand D,USA,18391.0,22857.0,22232.0,8026.1897,7,19255
2024-03-29,Brand D,USA,40307.0,20850.0,14400.0,6271.126305,6,18837
2024-03-29,Brand A,USA,49792.0,17941.0,30241.0,12861.0085,7,9914
2024-03-29,Brand A,USA,41927.0,7706.0,9453.0,4961.54,9,12628
2024-03-29,Brand C,USA,44597.0,22618.0,31895.0,14197.901,7,6516
2024-03-29,Brand E,USA,14365.0,31818.0,35502.0,8042.19,4,7559
2024-03-29,Brand B,USA,21928.0,36073.0,38328.0,6845.34,2,11042
2024-03-29,Brand E,USA,20026.0,26032.0,23858.0,8230.45,3,5606
2024-03-29,Brand C,USA,16452.0,17772.0,39171.0,14603.0558,8,13922
2024-03-29,Brand D,USA,32212.0,27718.0,10001.0,6330.05912,9,7598
2024-03-30,Brand C,USA,43136.0,15654.0,34856.0,14192.0887,7,2026
2024-03-30,Brand E,USA,26051.0,16631.0,33965.0,1909.35,4,2453
2024-03-30,Brand A,USA,27579.0,22119.0,21273.0,5467.32992,3,3851
2024-03-30,Brand E,USA,5142.0,13572.0,15195.0,7775.66,6,9697
2024-03-30,Brand A,USA,16424.0,18213.0,38815.0,4767.61,5,6694
2024-03-30,Brand B,USA,6703.0,17798.0,6530.0,5518.62,1,15578
2024-03-30,Brand D,USA,40947.0,36014.0,20213.0,6321.1084,1,2985
2024-03-30,Brand D,USA,48765.0,13606.0,38949.0,6880.54382,9,13179
2024-03-30,Brand A,USA,35739.0,16549.0,27348.0,5024.93,1,9612
2024-03-31,Brand C,USA,6928.0,35847.0,28782.0,11084.4418,9,465
2024-03-31,Brand E,USA,33398.0,32081.0,19491.0,193.68,2,10056
2024-03-31,Brand B,USA,24505.0,10886.0,7197.0,7667.069362,4,6035
2024-03-31,Brand A,USA,26891.0,36628.0,33552.0,5040.41862,9,3303
2024-03-31,Brand C,USA,12602.0,34288.0,31211.0,11001.3075,4,15886
2024-03-31,Brand D,USA,17827.0,23374.0,34984.0,6270.1442,10,14078
2024-03-31,Brand A,USA,35341.0,28168.0,36141.0,4571.78,10,2805
2024-03-31,Brand D,USA,49174.0,33921.0,29042.0,1042.9708,9,17870
2024-04-01,Brand C,USA,16478.0,16567.0,6799.0,10517.1013,6,16442
2024-04-01,Brand B,USA,37869.0,33167.0,21299.0,7138.155287,4,2894
2024-04-01,Brand A,USA,46965.0,13846.0,18712.0,5352.33,5,11934
2024-04-01,Brand D,USA,45757.0,19143.0,35271.0,477.40176,8,4619
2024-04-01,Brand D,USA,17589.0,26770.0,28912.0,7839.9332,10,9776
2024-04-01,Brand C,USA,13054.0,20131.0,9966.0,17045.46,6,1221
2024-04-01,Brand D,USA,21763.0,16934.0,33292.0,5069.24,3,2595
2024-04-01,Brand A,USA,27919.0,28472.0,21429.0,5341.6745,9,8710
2024-04-01,Brand D,USA,12431.0,35189.0,34022.0,5402.28208,10,15537
2024-04-02,Brand B,USA,19439.0,22202.0,32115.0,6633.74939,4,9766
2024-04-02,Brand A,USA,29263.0,13718.0,25864.0,5077.348729,2,17250
2024-04-02,Brand D,USA,6536.0,5930.0,29153.0,447.66132,9,12287
2024-04-02,Brand A,USA,36960.0,29248.0,26726.0,5087.65,4,16129
2024-04-02,Brand D,USA,26640.0,21741.0,20630.0,598.32488,4,2623
2024-04-02,Brand C,USA,23151.0,25940.0,34922.0,10782.0836,5,10717
2024-04-02,Brand D,USA,14029.0,25444.0,10289.0,7591.10733,6,19254
2024-04-02,Brand B,USA,16875.0,39942.0,18139.0,5989.96,2,10299
2024-04-02,Brand C,USA,37077.0,33764.0,5170.0,10946.026,6,18784
2024-04-03,Brand A,USA,46593.0,16259.0,16324.0,838.99,6,9139
2024-04-03,Brand C,USA,16120.0,22325.0,28569.0,10297.3588,6,5554
2024-04-03,Brand A,USA,19703.0,14744.0,34708.0,1091.17,9,9765
2024-04-03,Brand C,USA,11977.0,38055.0,18012.0,10550.6277,5,15447
2024-04-03,Brand D,USA,34324.0,11174.0,8086.0,8592.7876,1,12906
2024-04-03,Brand D,USA,5373.0,18507.0,34243.0,6946.0178,7,14723
2024-04-03,Brand C,USA,10897.0,14799.0,12837.0,6981.848971,3,16399
2024-04-03,Brand A,USA,41328.0,9823.0,19269.0,1161.39,1,15766
2024-04-03,Brand C,USA,16912.0,29612.0,22711.0,9413.3475,1,16496
2024-04-04,Brand A,USA,27444.0,27756.0,7506.0,1091.43,7,17462
2024-04-04,Brand C,USA,22581.0,32177.0,20343.0,9711.8569,3,2851
2024-04-04,Brand A,USA,16576.0,37275.0,26748.0,1052.59,6,1686
2024-04-04,Brand D,USA,9668.0,12068.0,22092.0,7417.55437,2,5132
2024-04-04,Brand A,USA,26376.0,31317.0,36957.0,727.91,9,16147
2024-04-04,Brand C,USA,42547.0,27022.0,8765.0,9452.865,4,13089
2024-04-04,Brand A,USA,40311.0,13020.0,23543.0,988.51,10,13787
2024-04-04,Brand A,USA,35898.0,20368.0,12364.0,5247.06,3,13274
2024-04-04,Brand C,USA,27095.0,36104.0,18278.0,9701.8105,2,398
2024-04-05,Brand A,USA,42838.0,24601.0,30931.0,6971.58,3,919
2024-04-05,Brand D,USA,36561.0,29641.0,5327.0,6631.116795,8,4293
2024-04-05,Brand D,USA,46607.0,21966.0,23173.0,7034.1089,2,13156
2024-04-05,Brand D,USA,6432.0,16416.0,20936.0,4881.46,3,8249
2024-04-05,Brand A,USA,26568.0,18469.0,10828.0,6890.21,3,14414
2024-04-05,Brand C,USA,38626.0,27947.0,24336.0,11312.1434,4,6915
2024-04-05,Brand B,USA,16276.0,15120.0,32861.0,5617.757761,3,2974
2024-04-05,Brand E,USA,23646.0,21505.0,6828.0,146.49,10,18927
2024-04-05,Brand B,USA,28631.0,33327.0,7897.0,5512.421496,1,12019
2024-04-06,Brand A,USA,43547.0,29585.0,38090.0,7013.86,7,17699
2024-04-06,Brand D,USA,12057.0,17270.0,32869.0,7458.105,2,3755
2024-04-06,Brand A,USA,17426.0,14898.0,34606.0,5458.93,4,17924
2024-04-06,Brand B,USA,30610.0,14587.0,20226.0,5051.690463,7,2185
2024-04-06,Brand E,USA,33418.0,38531.0,23117.0,5837.64,9,4796
2024-04-06,Brand A,USA,36574.0,8571.0,6363.0,6598.05,10,11557
2024-04-06,Brand D,USA,33776.0,37405.0,36706.0,6743.19551,3,12753
2024-04-06,Brand B,USA,12505.0,31168.0,35845.0,8481.8726,3,12521
2024-04-06,Brand E,USA,23759.0,28813.0,32203.0,6494.21,1,1858
2024-04-07,Brand D,USA,22537.0,20724.0,27566.0,7007.3011,1,7385
2024-04-07,Brand B,USA,38030.0,28989.0,8135.0,9258.32194,4,18684
2024-04-07,Brand A,USA,8864.0,33675.0,38399.0,5626.98,1,16734
2024-04-07,Brand B,USA,48073.0,28385.0,38039.0,9595.5894,4,9705
2024-04-07,Brand B,USA,25550.0,13034.0,9673.0,10127.8939,4,1032
2024-04-07,Brand A,USA,49473.0,5408.0,31532.0,6110.22,9,17750
2024-04-07,Brand B,USA,9506.0,36837.0,27874.0,9302.4372,2,18070
2024-04-07,Brand D,USA,15505.0,16565.0,26659.0,7783.5554,7,13980
2024-04-07,Brand B,USA,49802.0,13023.0,25448.0,9672.9333,9,17033
2024-04-08,Brand A,USA,43698.0,13482.0,22200.0,4701.16,3,1465
2024-04-08,Brand B,USA,25354.0,37853.0,8804.0,11968.2458,10,6454
2024-04-08,Brand B,USA,15308.0,14718.0,25551.0,12095.50724,8,2721
2024-04-08,Brand A,USA,29826.0,32893.0,30575.0,6057.07,1,1024
2024-04-08,Brand B,USA,25871.0,39213.0,9546.0,11923.2687,7,17901
2024-04-08,Brand D,USA,7752.0,16257.0,27489.0,8236.9228,4,13232
2024-04-08,Brand C,USA,7365.0,22025.0,24032.0,17723.88,5,17051
2024-04-08,Brand D,USA,40160.0,5705.0,5836.0,4739.6,9,13036
2024-04-08,Brand D,USA,17548.0,15682.0,27635.0,5452.65,1,17201
2024-04-08,Brand E,USA,40317.0,30838.0,6195.0,0.0,2,2172
2024-04-09,Brand A,USA,7625.0,25171.0,17185.0,6249.15,10,10660
2024-04-09,Brand C,USA,28487.0,36343.0,19841.0,16589.7238,5,539
2024-04-09,Brand E,USA,30532.0,7665.0,7543.0,93.91,2,6082
2024-04-09,Brand A,USA,30551.0,30290.0,6095.0,6189.19,10,18324
2024-04-09,Brand C,USA,20717.0,22603.0,14517.0,16619.0835,4,9332
2024-04-09,Brand D,USA,11867.0,37014.0,29639.0,7920.69754,4,8630
2024-04-09,Brand E,USA,28549.0,12282.0,37669.0,677.25,9,1520
2024-04-09,Brand A,USA,9390.0,31436.0,11809.0,5540.04,7,7323
2024-04-09,Brand C,USA,19360.0,5682.0,25415.0,16791.3325,3,10404
2024-04-09,Brand B,USA,24677.0,5496.0,17003.0,9905.16677,7,7230
2024-04-10,Brand A,USA,31197.0,24751.0,20269.0,5699.48,7,16548
2024-04-10,Brand C,USA,35401.0,12136.0,38923.0,14710.1594,3,16953
2024-04-10,Brand D,USA,36450.0,25597.0,30515.0,8572.2222,1,3938
2024-04-10,Brand D,USA,11236.0,36196.0,28393.0,7486.6109,2,15995
2024-04-10,Brand A,USA,39677.0,15336.0,38201.0,5274.977919,3,17002
2024-04-10,Brand B,USA,21564.0,10371.0,21636.0,9422.439,6,19983
2024-04-10,Brand C,USA,45848.0,6231.0,16212.0,14639.1435,3,12266
2024-04-10,Brand B,USA,30445.0,14672.0,31735.0,10443.8091,5,6408
2024-04-11,Brand A,USA,25344.0,28033.0,10122.0,5848.34,5,17032
2024-04-11,Brand C,USA,11445.0,36452.0,35877.0,14563.107,7,12789
2024-04-11,Brand D,USA,21993.0,9424.0,8759.0,7322.5209,6,12654
2024-04-11,Brand B,USA,44360.0,35425.0,33145.0,9771.3462,1,17549
2024-04-11,Brand A,USA,19991.0,13249.0,25312.0,7256.417074,6,13338
2024-04-11,Brand C,USA,33102.0,26859.0,18699.0,11882.1343,6,7748
2024-04-11,Brand B,USA,46401.0,20072.0,9697.0,9785.1413,3,9046
2024-04-11,Brand A,USA,22382.0,15432.0,36456.0,4568.48,4,17080
2024-04-11,Brand C,USA,11069.0,10861.0,15719.0,13750.721,4,13334
2024-04-12,Brand D,USA,18222.0,25896.0,32653.0,8086.3136,8,9067
2024-04-12,Brand C,USA,11008.0,14446.0,15776.0,16886.16,2,13125
2024-04-12,Brand D,USA,22587.0,27294.0,13126.0,4788.8,7,12285
2024-04-12,Brand B,USA,45788.0,21459.0,27964.0,10000.361,9,10827
2024-04-12,Brand A,USA,25888.0,5026.0,13992.0,7943.512908,3,1504
2024-04-12,Brand B,USA,19120.0,15817.0,29019.0,8423.4675,1,2397
2024-04-12,Brand A,USA,46796.0,30713.0,14523.0,7796.604842,10,7256
2024-04-12,Brand C,USA,30116.0,32372.0,11643.0,9177.7068,5,4306
2024-04-12,Brand B,USA,9784.0,19667.0,26116.0,8962.0779,2,9353
2024-04-13,Brand E,USA,19374.0,17078.0,36153.0,6648.26,5,3567
2024-04-13,Brand C,USA,41164.0,34593.0,7974.0,11452.7066,4,11883
2024-04-13,Brand A,USA,42259.0,36207.0,17576.0,8400.6769,7,17564
2024-04-13,Brand B,USA,34905.0,34108.0,19518.0,7229.5063,8,19065
2024-04-13,Brand B,USA,21770.0,10457.0,11342.0,7269.4982,3,3155
2024-04-13,Brand A,USA,34459.0,34106.0,17095.0,11185.5329,3,15821
2024-04-13,Brand C,USA,30087.0,13083.0,20469.0,11587.3042,6,10106
2024-04-13,Brand E,USA,19529.0,37253.0,26768.0,6661.31,5,3081
2024-04-13,Brand D,USA,42312.0,34700.0,36907.0,7264.23483,2,14132
2024-04-14,Brand A,USA,16656.0,22803.0,20964.0,12324.4341,10,6392
2024-04-14,Brand B,USA,43339.0,8592.0,34942.0,5708.3537,7,15734
2024-04-14,Brand A,USA,40808.0,20020.0,35564.0,13633.0791,7,14723
2024-04-14,Brand A,USA,29186.0,5203.0,13594.0,13945.5734,6,7277
2024-04-14,Brand C,USA,21199.0,24119.0,15545.0,12299.1873,10,13205
2024-04-14,Brand B,USA,24155.0,32632.0,6869.0,5581.3518,1,1621
2024-04-14,Brand D,USA,32315.0,14429.0,29838.0,6761.27553,2,4370
2024-04-14,Brand C,USA,28776.0,7560.0,14949.0,13187.6366,4,9062
2024-04-14,Brand B,USA,15075.0,29516.0,24494.0,5861.2926,1,4222
2024-04-14,Brand A,USA,13658.0,34811.0,33675.0,12717.8455,9,17398
2024-04-15,Brand A,USA,49795.0,9721.0,38167.0,14534.6283,1,15732
2024-04-15,Brand C,USA,23981.0,34722.0,39341.0,11164.7221,9,14006
2024-04-15,Brand B,USA,41834.0,6990.0,10009.0,5160.1843,10,18154
2024-04-15,Brand D,USA,47809.0,34928.0,37388.0,6960.0196,8,3958
2024-04-15,Brand D,USA,6696.0,17262.0,35272.0,7324.9747,5,17655
2024-04-15,Brand D,USA,10469.0,27697.0,23416.0,4961.0,7,18801
2024-04-15,Brand A,USA,48830.0,18729.0,17796.0,7814.0688,2,16236
2024-04-15,Brand A,USA,42786.0,22245.0,33142.0,6824.2105,6,15143
2024-04-15,Brand D,USA,19225.0,33475.0,31412.0,5824.83,5,11702
2024-04-16,Brand B,USA,8526.0,29146.0,11940.0,4800.2019,9,17941
2024-04-16,Brand A,USA,11244.0,30388.0,23446.0,15104.7015,6,12823
2024-04-16,Brand B,USA,8439.0,24793.0,8199.0,4831.651,2,11872
2024-04-16,Brand D,USA,26361.0,38617.0,10694.0,799.12596,4,8629
2024-04-16,Brand C,USA,34092.0,23565.0,6364.0,11704.36,4,6156
2024-04-16,Brand B,USA,21917.0,26710.0,15611.0,4238.0386,9,18685
2024-04-16,Brand D,USA,23180.0,24839.0,27570.0,7449.1209,10,18024
2024-04-16,Brand A,USA,18710.0,33930.0,27991.0,11181.13546,10,7969
2024-04-16,Brand D,USA,42439.0,36958.0,7858.0,954.3667,1,11611
2024-04-16,Brand A,USA,7592.0,34055.0,39291.0,12047.63,9,3501
2024-04-17,Brand C,USA,29828.0,28856.0,36939.0,11419.389,10,40
2024-04-17,Brand B,USA,31106.0,20450.0,15110.0,4569.3902,6,4022
2024-04-17,Brand A,USA,6694.0,12877.0,15111.0,15198.9165,3,15710
2024-04-17,Brand A,USA,18983.0,19882.0,30295.0,2449.320794,7,14774
2024-04-17,Brand D,USA,49526.0,34906.0,16788.0,571.11957,3,8145
2024-04-17,Brand C,USA,37613.0,39628.0,5184.0,11756.8509,5,18916
2024-04-17,Brand A,USA,16073.0,35596.0,32781.0,9669.79,4,223
2024-04-17,Brand D,USA,33947.0,27232.0,19579.0,7203.0473,10,19205
2024-04-17,Brand D,USA,14819.0,12257.0,33401.0,7621.8511,6,16071
2024-04-17,Brand B,USA,28920.0,18892.0,9901.0,5063.1995,6,8728
2024-04-18,Brand A,USA,25247.0,14882.0,23220.0,12664.848,5,565
2024-04-18,Brand D,USA,20152.0,13931.0,13601.0,517.05066,4,19602
2024-04-18,Brand B,USA,43389.0,22302.0,7803.0,4778.4439,2,18304
2024-04-18,Brand C,USA,31183.0,14337.0,32198.0,12438.9157,8,2280
2024-04-18,Brand D,USA,6758.0,35389.0,31908.0,664.4689,9,15216
2024-04-18,Brand C,USA,10854.0,26437.0,9132.0,11564.6843,3,5409
2024-04-18,Brand B,USA,40741.0,21455.0,17720.0,4003.767,4,9124
2024-04-18,Brand A,USA,37024.0,17865.0,12406.0,8439.28,5,13799
2024-04-18,Brand C,USA,17777.0,17054.0,35889.0,8363.307473,6,5609
2024-04-19,Brand B,USA,24773.0,32085.0,13116.0,3716.87743,4,18258
2024-04-19,Brand D,USA,43351.0,5626.0,20144.0,6827.12026,5,16077
2024-04-19,Brand B,USA,43764.0,12353.0,38499.0,7754.558,5,469
2024-04-19,Brand C,USA,5749.0,36188.0,29572.0,11873.8363,1,18253
2024-04-19,Brand E,USA,43612.0,35914.0,25165.0,5883.37,1,15200
2024-04-19,Brand A,USA,18373.0,27178.0,33321.0,5803.57,5,12053
2024-04-19,Brand D,USA,45935.0,25781.0,31134.0,727.9007,9,13821
2024-04-19,Brand A,USA,9714.0,14930.0,8264.0,5972.78,1,11402
2024-04-19,Brand A,USA,48473.0,14250.0,37067.0,7775.426833,9,11836
2024-04-20,Brand A,USA,47070.0,18872.0,31694.0,5898.98,7,4731
2024-04-20,Brand C,USA,33799.0,18642.0,31593.0,8592.939663,4,19873
2024-04-20,Brand A,USA,20160.0,34783.0,22063.0,7497.03,6,12307
2024-04-20,Brand C,USA,29256.0,11835.0,35426.0,8771.42539,2,5087
2024-04-20,Brand D,USA,26507.0,35311.0,15728.0,7303.00437,9,19945
2024-04-20,Brand D,USA,41894.0,13544.0,35387.0,7760.5773,3,17186
2024-04-20,Brand D,USA,45269.0,12578.0,5941.0,5060.46,8,7866
2024-04-20,Brand E,USA,9160.0,7486.0,39997.0,0.0,5,11123
2024-04-21,Brand E,USA,12922.0,20681.0,20443.0,6840.99,9,16366
2024-04-21,Brand E,USA,26582.0,16468.0,6402.0,0.0,3,4215
2024-04-21,Brand A,USA,35340.0,9974.0,26298.0,8259.922507,5,1470
2024-04-21,Brand E,USA,19563.0,5075.0,21712.0,7360.71,6,7769
2024-04-21,Brand B,USA,45406.0,27258.0,22073.0,3597.87,1,12949
2024-04-21,Brand E,USA,44241.0,30907.0,10866.0,0.0,5,17773
2024-04-21,Brand E,USA,19991.0,19918.0,34648.0,6263.95,10,11876
2024-04-21,Brand A,USA,23886.0,31978.0,30534.0,8523.16,4,2743
2024-04-21,Brand B,USA,10161.0,12146.0,21375.0,3352.927264,6,17659
2024-04-22,Brand A,USA,16955.0,28904.0,22146.0,9482.72,8,2957
2024-04-22,Brand E,USA,9446.0,30896.0,30721.0,4275.8,7,6131
2024-04-22,Brand D,USA,22544.0,21138.0,29381.0,6838.98593,1,19094
2024-04-22,Brand E,USA,28707.0,35085.0,9843.0,6189.04,1,16302
2024-04-22,Brand A,USA,35561.0,6902.0,21513.0,10037.32,9,1561
2024-04-22,Brand A,USA,6863.0,21884.0,24891.0,10307.99,8,7930
2024-04-22,Brand E,USA,29680.0,5482.0,31225.0,6661.0,4,17515
2024-04-22,Brand C,USA,22773.0,7800.0,21424.0,13085.84029,5,13630
2024-04-22,Brand E,USA,45432.0,29331.0,21421.0,4607.06,1,746
2024-04-23,Brand E,USA,38200.0,12939.0,23569.0,4558.1,1,5158
2024-04-23,Brand A,USA,6234.0,19543.0,7202.0,11216.75,5,1494
2024-04-23,Brand C,USA,49586.0,35475.0,7219.0,11740.53906,7,15414
2024-04-23,Brand E,USA,33693.0,8902.0,31666.0,5454.02,7,6689
2024-04-23,Brand A,USA,49523.0,8152.0,11073.0,11546.59,2,16015
2024-04-23,Brand D,USA,37790.0,12948.0,14184.0,6305.1805,9,15775
2024-04-23,Brand D,USA,48443.0,38231.0,14205.0,7908.8037,8,19786
2024-04-23,Brand B,USA,27418.0,9852.0,24876.0,11406.2078,9,18953
2024-04-23,Brand B,USA,29058.0,19414.0,37399.0,11225.7136,8,1736
2024-04-24,Brand C,USA,24786.0,28780.0,20654.0,10416.51233,4,11161
2024-04-24,Brand E,USA,43196.0,20286.0,21066.0,6959.67,9,8929
2024-04-24,Brand A,USA,25926.0,28534.0,21305.0,10884.42012,8,463
2024-04-24,Brand C,USA,27503.0,20924.0,28333.0,10475.08869,10,15814
2024-04-24,Brand C,USA,46941.0,26737.0,15010.0,13409.617,3,9467
2024-04-24,Brand E,USA,20317.0,21478.0,19975.0,637.86,9,18057
2024-04-24,Brand A,USA,6532.0,15232.0,13662.0,11618.63937,7,5295
2024-04-24,Brand C,USA,35293.0,20755.0,17499.0,11221.5792,6,14487
2024-04-24,Brand E,USA,38122.0,11609.0,30537.0,622.48,3,1218
2024-04-25,Brand D,USA,28734.0,15273.0,17411.0,7209.43145,2,7634
2024-04-25,Brand A,USA,36966.0,16482.0,25930.0,5531.46,5,1850
2024-04-25,Brand A,USA,29591.0,11978.0,29122.0,6040.12,9,1406
2024-04-25,Brand A,USA,47526.0,11666.0,6231.0,12981.3109,9,5718
2024-04-25,Brand C,USA,35494.0,14141.0,25016.0,12272.2759,9,16913
2024-04-25,Brand E,USA,29183.0,28743.0,10565.0,2736.36,9,12571
2024-04-25,Brand A,USA,26720.0,26920.0,30583.0,14775.6028,3,523
2024-04-25,Brand A,USA,42696.0,34331.0,12483.0,5572.52,6,18161
2024-04-26,Brand C,USA,40642.0,37243.0,37964.0,12831.3697,3,12124
2024-04-26,Brand E,USA,28514.0,21935.0,21374.0,5850.07,1,2960
2024-04-26,Brand B,USA,17669.0,8994.0,25300.0,8903.2002,3,5586
2024-04-26,Brand A,USA,19866.0,27815.0,30234.0,15571.0724,6,1711
2024-04-26,Brand D,USA,35388.0,31852.0,13381.0,6910.70531,6,1037
2024-04-26,Brand D,USA,18906.0,25087.0,39505.0,6652.1777,1,12515
2024-04-26,Brand C,UAE,45058.0,12315.0,8892.0,3929.9801,1,2074
2024-04-26,Brand D,UAE,17100.0,7302.0,11743.0,6557.85,9,13833
2024-04-26,Brand A,UAE,44757.0,23699.0,35029.0,6051.54,5,7092
2024-04-27,Brand B,UAE,14525.0,21186.0,37578.0,6771.0131,7,8027
2024-04-27,Brand E,UAE,49657.0,14856.0,5228.0,555.53,4,17950
2024-04-27,Brand C,UAE,20933.0,22793.0,15421.0,11802.6846,7,5581
2024-04-27,Brand E,UAE,29437.0,37542.0,27731.0,5387.97,10,965
2024-04-27,Brand B,UAE,40135.0,24246.0,36795.0,8744.5062,6,15795
2024-04-27,Brand A,UAE,38160.0,6355.0,18611.0,15475.9146,5,13317
2024-04-27,Brand A,UAE,7566.0,22815.0,16339.0,6786.6,4,205
2024-04-27,Brand E,UAE,36477.0,22774.0,30860.0,5121.97,2,15155
2024-04-27,Brand B,UAE,22483.0,8647.0,19144.0,8116.4023,6,13420
2024-04-28,Brand A,UAE,46401.0,17436.0,24148.0,14016.0097,6,5885
2024-04-28,Brand C,UAE,15181.0,28916.0,38083.0,12602.5474,10,3130
2024-04-28,Brand D,UAE,29792.0,39664.0,29673.0,7252.6711,6,18069
2024-04-28,Brand C,UAE,47378.0,23912.0,6359.0,11957.92,10,14156
2024-04-28,Brand C,UAE,28611.0,31522.0,20207.0,9701.8528,4,9066
2024-04-28,Brand E,UAE,14605.0,15129.0,30444.0,5090.33,3,19207
2024-04-28,Brand B,UAE,34216.0,29979.0,26296.0,9245.2954,4,18097
2024-04-28,Brand A,UAE,37283.0,22296.0,9186.0,15666.8368,1,17188
2024-04-28,Brand C,UAE,33659.0,6074.0,34842.0,13826.8017,3,12621
2024-04-29,Brand C,UAE,16385.0,19502.0,16181.0,9095.2357,3,15114
2024-04-29,Brand E,UAE,45932.0,6295.0,38832.0,5326.11,2,5276
2024-04-29,Brand D,UAE,27009.0,11888.0,19802.0,6910.6422,10,5748
2024-04-29,Brand B,UAE,23415.0,34510.0,22106.0,9681.7574,2,1950
2024-04-29,Brand A,UAE,28322.0,31257.0,38594.0,16874.3182,1,4900
2024-04-29,Brand D,UAE,7722.0,22065.0,37250.0,6711.22718,3,18417
2024-04-29,Brand C,UAE,30542.0,29311.0,16783.0,19681.862,8,11657
2024-04-29,Brand D,UAE,46504.0,39741.0,14351.0,8426.9759,1,11443
2024-04-29,Brand A,UAE,38625.0,17216.0,35081.0,1084.13,2,14855
2024-04-30,Brand C,UAE,49382.0,9782.0,23588.0,13473.8612,2,8926
2024-04-30,Brand E,UAE,10120.0,23592.0,21003.0,5337.47,5,9626
2024-04-30,Brand B,UAE,27781.0,34839.0,32825.0,9476.3115,9,19728
2024-04-30,Brand A,UAE,31174.0,29805.0,15087.0,16773.239,9,246
2024-04-30,Brand B,UAE,17049.0,12058.0,16368.0,6654.83,7,19084
2024-04-30,Brand C,UAE,9424.0,26409.0,22080.0,13856.2562,6,17601
2024-04-30,Brand B,UAE,19778.0,35606.0,6245.0,7862.4366,10,261
2024-04-30,Brand A,UAE,40812.0,6185.0,28897.0,2918.12,9,975
2024-04-30,Brand E,UAE,9947.0,10345.0,5179.0,3020.71,8,2139
2024-05-01,Brand A,UAE,31153.0,8536.0,33668.0,14539.7763,6,456
2024-05-01,Brand D,UAE,42221.0,24013.0,30450.0,7002.35047,2,19366
2024-05-01,Brand C,UAE,23179.0,23963.0,36684.0,11430.7637,6,15728
2024-05-01,Brand C,UAE,39225.0,28232.0,20946.0,13338.1929,5,4370
2024-05-01,Brand E,UAE,30313.0,18145.0,21821.0,1036.67,6,3486
2024-05-01,Brand A,UAE,44478.0,5518.0,21725.0,16524.78,3,5628
2024-05-01,Brand B,UAE,15406.0,13314.0,34995.0,5273.4256,6,4990
2024-05-01,Brand C,UAE,26153.0,25816.0,5633.0,10739.7433,5,5097
2024-05-01,Brand C,UAE,28258.0,13452.0,13987.0,14647.9848,10,19448
2024-05-01,Brand E,UAE,23474.0,32103.0,37106.0,2937.98,2,19551
2024-05-02,Brand E,UAE,45857.0,28457.0,5440.0,7131.04,3,2107
2024-05-02,Brand A,UAE,5938.0,33581.0,16912.0,11459.7176,10,9679
2024-05-02,Brand B,UAE,43911.0,35190.0,26866.0,4973.2117,1,18327
2024-05-02,Brand D,UAE,31141.0,6587.0,31548.0,7086.28708,4,10377
2024-05-02,Brand D,UAE,23213.0,33014.0,7831.0,6731.4523,4,18537
2024-05-02,Brand D,UAE,43804.0,8420.0,38698.0,5681.07,3,12628
2024-05-02,Brand E,UAE,7591.0,8413.0,34328.0,6722.75,3,2497
2024-05-02,Brand D,UAE,25976.0,17341.0,9794.0,465.7778,5,18232
2024-05-03,Brand C,UAE,12421.0,14033.0,37309.0,15874.1886,7,14573
2024-05-03,Brand E,UAE,46776.0,21090.0,12458.0,8983.83,5,13234
2024-05-03,Brand B,UAE,34602.0,13340.0,36978.0,4430.3825,9,11650
2024-05-03,Brand A,UAE,37647.0,25881.0,9561.0,9350.6084,7,4004
2024-05-03,Brand C,UAE,32405.0,38283.0,7137.0,11399.8905,6,10003
2024-05-03,Brand E,USA,17852.0,18284.0,36757.0,8873.23,7,14480
2024-05-03,Brand B,USA,40015.0,21113.0,22624.0,5468.9657,4,11606
2024-05-03,Brand A,USA,31871.0,13099.0,37740.0,8877.71264,3,6879
2024-05-03,Brand E,USA,17983.0,11816.0,25843.0,5343.93,1,10542
2024-05-04,Brand D,USA,43816.0,38821.0,33656.0,7011.92745,2,7529
2024-05-04,Brand C,USA,28156.0,27784.0,26924.0,14160.7108,3,19094
2024-05-04,Brand A,USA,9999.0,27952.0,32338.0,5076.0,8,19951
2024-05-04,Brand B,USA,16164.0,14852.0,9178.0,5085.7049,8,5328
2024-05-04,Brand A,USA,33985.0,32061.0,35401.0,8138.37105,2,18677
2024-05-04,Brand E,USA,29885.0,28176.0,5896.0,5772.64,7,540
2024-05-04,Brand B,USA,23800.0,30336.0,15128.0,5771.2203,2,18071
2024-05-04,Brand A,USA,14794.0,28596.0,14118.0,5267.38,8,8394
2024-05-04,Brand A,USA,44633.0,12631.0,23098.0,8456.001676,8,13445
2024-05-04,Brand E,USA,48107.0,20870.0,21688.0,3097.64,1,17151
2024-05-05,Brand B,USA,35994.0,17684.0,28180.0,3796.06,8,8902
2024-05-05,Brand A,USA,9598.0,33827.0,33548.0,13122.89105,10,12727
2024-05-05,Brand D,USA,7616.0,28873.0,36116.0,7312.36926,3,13350
2024-05-05,Brand D,USA,16916.0,6141.0,30041.0,7047.5368,8,10783
2024-05-05,Brand B,USA,10958.0,27395.0,31887.0,7308.793276,5,8051
2024-05-05,Brand E,USA,43797.0,37882.0,6723.0,1995.31,8,19387
2024-05-05,Brand E,USA,32015.0,13062.0,31429.0,7362.32,9,4891
2024-05-05,Brand A,USA,22386.0,25403.0,32336.0,14817.10856,10,15574
2024-05-06,Brand B,USA,17853.0,14682.0,37512.0,3666.76,6,2276
2024-05-06,Brand E,USA,17802.0,37038.0,26755.0,6561.37,2,16122
2024-05-06,Brand A,USA,29214.0,24470.0,26288.0,3542.32,3,7430
2024-05-06,Brand A,USA,28298.0,28513.0,21834.0,17047.29137,9,18778
2024-05-06,Brand B,USA,45159.0,22731.0,38873.0,1229.24,8,916
2024-05-06,Brand E,USA,20000.0,5285.0,32427.0,7193.45,10,10031
2024-05-06,Brand E,USA,34931.0,11681.0,30315.0,7004.1,10,16893
2024-05-06,Brand A,USA,13048.0,39222.0,17820.0,18029.65855,5,963
2024-05-06,Brand D,USA,21210.0,19180.0,35405.0,7272.15666,8,5011
2024-05-06,Brand C,USA,38239.0,33047.0,37564.0,15565.7774,10,7024
2024-05-07,Brand E,USA,6119.0,13265.0,14464.0,8215.87,8,15594
2024-05-07,Brand A,USA,39543.0,23994.0,7810.0,20692.3673,2,482
2024-05-07,Brand E,USA,49888.0,14942.0,12618.0,892.09,4,6049
2024-05-07,Brand A,USA,15452.0,20572.0,16877.0,24876.3272,5,17190
2024-05-07,Brand A,USA,46573.0,35932.0,14176.0,3397.79,6,14999
2024-05-07,Brand B,USA,28165.0,10573.0,11776.0,0.0,4,10043
2024-05-07,Brand E,USA,49043.0,23216.0,20769.0,939.74,2,1808
2024-05-07,Brand C,USA,21805.0,10502.0,37827.0,15654.5363,7,9661
2024-05-07,Brand A,USA,7307.0,31695.0,17588.0,24262.3419,7,17857
2024-05-08,Brand C,USA,28763.0,9809.0,28423.0,16950.7564,3,4251
2024-05-08,Brand D,USA,16587.0,13198.0,33529.0,6747.85436,2,5464
2024-05-08,Brand D,USA,14821.0,22437.0,13435.0,6602.1435,9,3154
2024-05-08,Brand D,USA,36492.0,30275.0,16772.0,6082.22,8,8905
2024-05-08,Brand D,USA,36222.0,17545.0,37099.0,6158.4,5,16148
2024-05-08,Brand D,USA,25438.0,24538.0,35452.0,5270.36,9,5979
2024-05-08,Brand C,USA,13257.0,39303.0,11283.0,14172.8472,3,19081
2024-05-08,Brand C,USA,28746.0,5036.0,15634.0,13228.5224,6,9202
2024-05-08,Brand E,USA,30332.0,12754.0,39665.0,0.0,3,8054
2024-05-08,Brand A,USA,8669.0,34933.0,15142.0,24675.8164,10,12676
2024-05-09,Brand C,USA,19874.0,10850.0,19005.0,14232.3369,3,2984
2024-05-09,Brand C,USA,40168.0,35176.0,27450.0,18921.2795,1,18185
2024-05-09,Brand E,USA,49603.0,33561.0,34842.0,1168.54,7,17436
2024-05-09,Brand C,USA,20281.0,9475.0,30272.0,14134.6407,4,5015
2024-05-09,Brand A,USA,47858.0,23757.0,31572.0,21062.55867,4,17029
2024-05-09,Brand B,USA,23290.0,28625.0,37861.0,0.0,9,19632
2024-05-09,Brand C,USA,15145.0,19334.0,33072.0,19731.8206,2,2060
2024-05-09,Brand E,USA,9979.0,6395.0,20868.0,958.81,4,9762
2024-05-09,Brand D,USA,40343.0,5523.0,10459.0,6509.32025,7,1354
2024-05-09,Brand A,USA,5522.0,9216.0,10637.0,6607.0307,4,3011
2024-05-10,Brand A,USA,19983.0,9716.0,7729.0,2601.5879,2,342
2024-05-10,Brand B,USA,37240.0,19763.0,28737.0,1386.0889,7,2039
2024-05-10,Brand C,USA,22416.0,15696.0,24408.0,13528.0028,2,15345
2024-05-10,Brand E,USA,15283.0,28132.0,28625.0,733.77,6,10037
2024-05-10,Brand B,USA,20930.0,25164.0,18763.0,435.9351,7,2593
2024-05-10,Brand A,USA,25704.0,35424.0,13324.0,644.3104,7,14237
2024-05-10,Brand A,USA,14981.0,32841.0,6015.0,7090.2389,8,1195
2024-05-10,Brand C,USA,32210.0,28389.0,30895.0,17897.4487,10,17776
2024-05-10,Brand E,USA,19737.0,33451.0,27336.0,7422.0,2,16787
2024-05-11,Brand B,USA,48665.0,7039.0,32974.0,2676.05178,7,17268
2024-05-11,Brand E,USA,40107.0,9235.0,37687.0,4442.0,5,1651
2024-05-11,Brand D,USA,41289.0,27314.0,24449.0,7264.9217,3,14279
2024-05-11,Brand C,USA,22312.0,17483.0,14948.0,14093.1739,5,8470
2024-05-11,Brand E,USA,44975.0,29537.0,25160.0,6206.29,6,12395
2024-05-11,Brand A,USA,32801.0,12315.0,34678.0,1890.72036,7,11373
2024-05-11,Brand C,USA,30716.0,30350.0,39619.0,16103.4262,8,10468
2024-05-11,Brand E,USA,24654.0,16824.0,7712.0,5397.81,9,18655
2024-05-11,Brand B,USA,27255.0,27502.0,35105.0,4652.23528,9,18639
2024-05-12,Brand C,USA,29697.0,37640.0,31973.0,12206.9603,3,7104
2024-05-12,Brand A,USA,29632.0,20418.0,27804.0,1931.87065,2,2858
2024-05-12,Brand C,USA,31600.0,13444.0,21058.0,15593.3467,9,15750
2024-05-12,Brand E,USA,25633.0,21216.0,34008.0,6603.83,7,745
2024-05-12,Brand A,USA,20776.0,17409.0,10586.0,6549.70835,1,5692
2024-05-12,Brand D,USA,44573.0,30192.0,8197.0,7763.75045,9,15746
2024-05-12,Brand A,USA,19592.0,21411.0,32004.0,5893.58,5,18065
2024-05-12,Brand E,USA,5619.0,7953.0,16120.0,8064.39,2,15726
2024-05-12,Brand B,USA,16105.0,36481.0,32616.0,957.59344,1,952
2024-05-12,Brand C,USA,12682.0,30136.0,21794.0,16670.2151,3,8584
2024-05-13,Brand E,USA,32495.0,5557.0,30432.0,1960.78,1,11901
2024-05-13,Brand B,USA,27914.0,15964.0,22946.0,6382.34066,2,2202
2024-05-13,Brand A,USA,10532.0,29272.0,7888.0,5889.54,1,10474
2024-05-13,Brand A,USA,15241.0,28018.0,16218.0,3594.17606,7,14544
2024-05-13,Brand C,USA,34856.0,25571.0,32367.0,16882.2312,7,6940
2024-05-13,Brand E,USA,26076.0,38223.0,32970.0,7963.37,7,16098
2024-05-13,Brand B,USA,45417.0,31048.0,23466.0,6742.92703,2,1705
2024-05-13,Brand D,USA,42036.0,30806.0,18706.0,7999.53198,8,19616
2024-05-13,Brand D,USA,35173.0,24414.0,7216.0,6180.4279,6,15407
2024-05-13,Brand C,USA,5030.0,7505.0,16614.0,3364.65,8,8642
2024-05-14,Brand A,USA,37786.0,25741.0,5488.0,5342.81,1,2981
2024-05-14,Brand D,USA,30464.0,27359.0,17026.0,4129.75,7,18144
2024-05-14,Brand A,USA,47413.0,13610.0,12208.0,7380.9463,5,14400
2024-05-14,Brand E,USA,34323.0,18672.0,13413.0,7575.42,4,8251
2024-05-14,Brand B,USA,38744.0,24702.0,20931.0,9192.658291,3,19637
2024-05-14,Brand B,USA,43040.0,20251.0,9103.0,6521.36724,8,10273
2024-05-14,Brand C,USA,12462.0,12594.0,5893.0,16891.363,9,11818
2024-05-14,Brand B,USA,29886.0,8237.0,31859.0,9189.964026,7,6500
2024-05-15,Brand A,USA,44551.0,31667.0,34774.0,9214.2685,6,7956
2024-05-15,Brand E,USA,38127.0,32234.0,26728.0,9071.95,1,19580
2024-05-15,Brand A,USA,7265.0,15092.0,13549.0,9222.4141,8,5476
2024-05-15,Brand B,USA,6828.0,20299.0,6879.0,6525.24615,6,267
2024-05-15,Brand C,USA,40601.0,23628.0,5837.0,11566.9147,6,10416
2024-05-15,Brand A,Singapore,36331.0,7447.0,36941.0,0.0,7,5012
2024-05-15,Brand E,USA,28058.0,17392.0,25625.0,7424.65,2,2271
2024-05-15,Brand A,USA,38428.0,21781.0,30554.0,8382.9878,8,7022
2024-05-15,Brand B,Singapore,30388.0,10389.0,27176.0,0.0,4,4535
2024-05-16,Brand B,USA,43951.0,39393.0,21452.0,5901.6211,7,277
2024-05-16,Brand C,USA,35568.0,11312.0,21063.0,7535.846912,10,9696
2024-05-16,Brand A,Singapore,28068.0,28640.0,38345.0,0.0,9,8328
2024-05-16,Brand B,USA,33665.0,12178.0,29345.0,6394.6196,8,4624
2024-05-16,Brand E,USA,40308.0,6911.0,39870.0,0.0,4,15950
2024-05-16,Brand A,USA,23990.0,28729.0,5295.0,10004.29106,5,5502
2024-05-16,Brand B,USA,26351.0,33237.0,5981.0,5965.46176,7,7823
2024-05-16,Brand E,USA,35221.0,9941.0,32182.0,5774.86,1,804
2024-05-16,Brand D,USA,22543.0,16035.0,26449.0,5475.1141,7,4810
2024-05-16,Brand A,Singapore,42306.0,19696.0,38068.0,0.0,4,13015
2024-05-17,Brand E,USA,44957.0,26468.0,15996.0,8025.88,5,14224
2024-05-17,Brand A,USA,33078.0,16770.0,12884.0,10047.2603,10,2919
2024-05-17,Brand B,USA,14717.0,34509.0,12706.0,6046.8909,4,19327
2024-05-17,Brand A,USA,5797.0,22410.0,23967.0,10748.7274,9,19338
2024-05-17,Brand E,USA,27165.0,31503.0,27911.0,6111.71,6,17392
2024-05-17,Brand E,USA,42474.0,6305.0,15130.0,5464.1,2,18268
2024-05-17,Brand B,USA,42625.0,37050.0,14345.0,5028.85298,6,1671
2024-05-17,Brand A,USA,47644.0,10633.0,18517.0,8271.12945,5,11639
2024-05-17,Brand B,USA,27097.0,14013.0,12194.0,4621.76672,8,16013
2024-05-18,Brand A,USA,14679.0,20015.0,30851.0,10583.5017,3,11617
2024-05-18,Brand D,USA,36783.0,38074.0,10750.0,7735.95866,10,1309
2024-05-18,Brand E,USA,25123.0,7606.0,10118.0,6631.4,8,12721
2024-05-18,Brand C,USA,20848.0,16769.0,10250.0,7995.99,8,19181
2024-05-18,Brand E,USA,37562.0,14789.0,27919.0,6129.66,3,13484
2024-05-18,Brand B,USA,38476.0,29556.0,8639.0,5204.86795,4,12948
2024-05-18,Brand A,USA,27251.0,20015.0,12802.0,11409.6738,2,11242
2024-05-18,Brand C,USA,12715.0,29181.0,20991.0,8492.7733,8,955
2024-05-18,Brand C,USA,7822.0,20553.0,18535.0,7492.1,2,18458
2024-05-19,Brand B,USA,12546.0,20019.0,8406.0,5217.89129,8,8507
2024-05-19,Brand E,USA,45672.0,26195.0,21873.0,745.26,10,4251
2024-05-19,Brand A,USA,23579.0,25023.0,23934.0,10271.472,8,16927
2024-05-19,Brand C,USA,17999.0,34354.0,14470.0,7822.829281,5,9147
2024-05-19,Brand E,USA,20906.0,16315.0,27251.0,6494.22,10,784
2024-05-19,Brand D,USA,48202.0,24471.0,18876.0,5281.0237,4,92
2024-05-19,Brand A,USA,26378.0,29010.0,19208.0,3037.4271,10,14878
2024-05-19,Brand A,USA,19655.0,17767.0,26517.0,6616.5447,8,13314
2024-05-19,Brand B,USA,37348.0,22855.0,22304.0,4301.35,5,3609
2024-05-20,Brand B,USA,14754.0,25339.0,34113.0,6057.71,2,8280
2024-05-20,Brand B,USA,35288.0,35197.0,26400.0,10372.96,4,7832
2024-05-20,Brand E,USA,32650.0,28467.0,26551.0,787.47,1,11872
2024-05-20,Brand A,USA,47296.0,8278.0,34701.0,8080.131517,7,3537
2024-05-20,Brand B,USA,33268.0,30086.0,19021.0,4854.99426,5,9614
2024-05-20,Brand C,USA,45874.0,27336.0,11864.0,7584.89252,1,7085
2024-05-20,Brand C,USA,9029.0,24350.0,16512.0,9502.16,9,3617
2024-05-20,Brand E,USA,10628.0,7285.0,6874.0,6141.29,3,11524
2024-05-20,Brand A,USA,23862.0,23465.0,32150.0,8355.3,10,14562
2024-05-21,Brand B,USA,28017.0,18285.0,22819.0,4825.21255,4,15259
2024-05-21,Brand C,USA,23880.0,14799.0,24326.0,7757.032448,1,18949
2024-05-21,Brand D,USA,46507.0,35328.0,10254.0,7948.95916,7,19497
2024-05-21,Brand B,USA,32710.0,29098.0,26286.0,3667.69,6,883
2024-05-21,Brand E,USA,26855.0,17405.0,31427.0,4000.18,4,14994
2024-05-21,Brand E,USA,49408.0,8405.0,22398.0,7612.92,3,19261
2024-05-21,Brand A,USA,46473.0,11294.0,19073.0,6384.249916,8,6409
2024-05-21,Brand B,USA,47992.0,18497.0,30377.0,4585.917495,5,12478
2024-05-21,Brand C,USA,34319.0,11569.0,37954.0,5110.28879,6,17572
2024-05-21,Brand E,USA,22644.0,29844.0,19719.0,6550.39,7,1334
2024-05-22,Brand E,USA,10724.0,8002.0,38088.0,8420.55,2,1075
2024-05-22,Brand B,USA,48871.0,12837.0,8392.0,4575.729613,2,593
2024-05-22,Brand C,USA,5121.0,21906.0,34178.0,3559.495235,10,17595
2024-05-22,Brand E,USA,21435.0,25539.0,38886.0,8000.53,2,6744
2024-05-22,Brand B,USA,37565.0,7395.0,37704.0,5426.08376,7,14996
2024-05-22,Brand C,USA,24658.0,6008.0,28071.0,13177.873,1,15864
2024-05-22,Brand E,USA,46193.0,39772.0,21277.0,6690.2,9,14767
2024-05-22,Brand B,USA,42763.0,23284.0,34469.0,10903.01,9,15151
2024-05-22,Brand B,USA,42520.0,21750.0,19317.0,4626.74124,9,7359
2024-05-22,Brand D,USA,45167.0,27928.0,20657.0,4913.44,1,14985
2024-05-23,Brand C,USA,37641.0,26659.0,30694.0,3885.258153,8,11911
2024-05-23,Brand E,USA,32065.0,5144.0,24100.0,8270.29,6,17339
2024-05-23,Brand C,USA,26497.0,38956.0,21537.0,15544.25,4,16577
2024-05-23,Brand B,USA,9830.0,28656.0,28250.0,5297.56323,3,9434
2024-05-23,Brand C,USA,31286.0,28772.0,26753.0,3407.0955,9,19535
2024-05-23,Brand E,USA,21921.0,25676.0,18463.0,5491.59,7,18941
2024-05-23,Brand E,USA,26688.0,8999.0,14451.0,795.82,2,7893
2024-05-23,Brand B,USA,17316.0,26500.0,13206.0,5910.76432,5,15272
2024-05-23,Brand D,USA,24683.0,17941.0,26205.0,5854.91014,8,11573
2024-05-24,Brand B,USA,23367.0,28821.0,26011.0,6731.61,6,19011
2024-05-24,Brand D,USA,34591.0,35279.0,29181.0,4892.12,7,5074
2024-05-24,Brand C,USA,24215.0,12055.0,9262.0,3293.971745,9,2833
2024-05-24,Brand E,USA,24362.0,6223.0,37400.0,785.86,10,4389
2024-05-24,Brand B,USA,33152.0,31780.0,22711.0,5578.83111,2,18970
2024-05-24,Brand E,USA,12667.0,33093.0,28600.0,6677.95,3,15613
2024-05-24,Brand C,USA,15876.0,39943.0,11546.0,6284.2044,10,13077
2024-05-24,Brand E,USA,6674.0,37177.0,20334.0,802.35,4,11665
2024-05-25,Brand C,USA,15438.0,22630.0,31474.0,17544.51,9,6905
2024-05-25,Brand B,USA,34669.0,8838.0,22401.0,5372.5986,10,3555
2024-05-25,Brand A,USA,24627.0,25969.0,27539.0,11138.77725,5,3328
2024-05-25,Brand D,USA,38261.0,17183.0,38535.0,5138.23844,8,1514
2024-05-25,Brand D,USA,11822.0,30609.0,20067.0,5858.2063,7,9817
2024-05-25,Brand D,USA,19575.0,6875.0,20512.0,5403.63,10,11802
2024-05-25,Brand E,USA,20415.0,24436.0,13278.0,5433.72,9,9380
2024-05-25,Brand B,USA,10639.0,35471.0,9503.0,7712.99,10,8975
2024-05-25,Brand C,USA,9039.0,33644.0,20353.0,5996.8418,9,12119
2024-05-25,Brand E,USA,45444.0,16857.0,33327.0,967.58,1,6600
2024-05-26,Brand B,USA,41371.0,8446.0,8642.0,5672.45548,4,3149
2024-05-26,Brand C,USA,44844.0,31613.0,7325.0,6063.1467,3,16954
2024-05-26,Brand C,USA,9402.0,27021.0,35556.0,21950.42,10,2536
2024-05-26,Brand E,USA,12186.0,7484.0,15261.0,6623.52,2,10967
2024-05-26,Brand A,USA,26922.0,30296.0,37479.0,10868.1887,6,5513
2024-05-26,Brand B,USA,17335.0,19219.0,13988.0,5068.31439,9,11794
2024-05-26,Brand C,USA,24863.0,29972.0,15944.0,5765.698,5,13561
2024-05-26,Brand C,USA,21460.0,13127.0,19763.0,12286.4609,10,10905
2024-05-26,Brand C,USA,38873.0,29304.0,17569.0,13134.95,6,2509
2024-05-26,Brand E,USA,17665.0,24345.0,20049.0,6610.64,6,5801
2024-05-27,Brand E,USA,16518.0,13421.0,31901.0,11315.98,10,17646
2024-05-27,Brand A,USA,42380.0,22627.0,34163.0,8219.2144,6,18518
2024-05-27,Brand B,USA,46268.0,25881.0,37073.0,8646.06,1,9698
2024-05-27,Brand B,USA,46458.0,6780.0,20403.0,4408.8199,7,18401
2024-05-27,Brand C,USA,47580.0,27229.0,36703.0,5639.5767,5,2640
2024-05-27,Brand E,USA,33752.0,39759.0,36541.0,6052.83,10,19521
2024-05-27,Brand A,USA,12998.0,8090.0,22946.0,4189.6383,9,14305
2024-05-27,Brand E,USA,39359.0,31885.0,22182.0,387.01,7,18
2024-05-27,Brand E,USA,29079.0,33918.0,19620.0,4348.69,4,5212
2024-05-28,Brand B,USA,21865.0,37394.0,19238.0,4342.16484,6,19153
2024-05-28,Brand C,USA,37803.0,10577.0,23220.0,5295.413,1,17666
2024-05-28,Brand D,USA,8510.0,24932.0,19124.0,4932.39613,7,8375
2024-05-28,Brand D,USA,14041.0,23138.0,37980.0,5650.50364,5,15566
2024-05-28,Brand E,SA,32655.0,27255.0,29616.0,4741.55,2,10101
2024-05-28,Brand E,SA,39767.0,15403.0,33552.0,368.81,10,1515
2024-05-28,Brand A,SA,37967.0,34145.0,5216.0,4414.275417,10,5530
2024-05-28,Brand C,SA,7480.0,36983.0,29787.0,7232.37,5,19300
2024-05-28,Brand B,SA,43246.0,14399.0,8303.0,4837.29396,3,18832
2024-05-29,Brand E,SA,38435.0,10114.0,24509.0,373.93,8,10846
2024-05-29,Brand B,SA,18225.0,32588.0,9907.0,6175.99,8,15885
2024-05-29,Brand A,SA,41306.0,35708.0,11271.0,541.56726,10,13007
2024-05-29,Brand B,SA,25439.0,20107.0,38354.0,4465.0663,6,2574
2024-05-29,Brand C,SA,46427.0,20219.0,24323.0,3213.05,8,3322
2024-05-29,Brand A,SA,32714.0,7959.0,12836.0,6943.3327,1,10231
2024-05-29,Brand D,SA,20170.0,26455.0,16314.0,5183.8453,1,19045
2024-05-29,Brand E,SA,17711.0,28796.0,20511.0,55.79,2,8231
2024-05-29,Brand E,SA,38749.0,11248.0,37510.0,442.45,10,667
2024-05-30,Brand B,SA,30623.0,18027.0,32718.0,4802.53203,9,19073
2024-05-30,Brand B,SA,21364.0,24207.0,32195.0,9642.7,1,11896
2024-05-30,Brand E,SA,27697.0,8795.0,25217.0,145.08,1,6601
2024-05-30,Brand B,SA,32091.0,19599.0,22779.0,5065.25147,4,10965
2024-05-30,Brand E,SA,25960.0,18011.0,37838.0,0.0,6,9549
2024-05-30,Brand C,SA,19074.0,14458.0,8372.0,3393.39,10,13621
2024-05-30,Brand E,SA,18904.0,23445.0,30908.0,121.39,10,564
2024-05-30,Brand A,SA,24025.0,6534.0,28975.0,13790.8583,9,12470
2024-05-31,Brand B,SA,12095.0,34592.0,9524.0,5370.92326,8,4704
2024-05-31,Brand C,SA,15724.0,5858.0,22180.0,12160.5958,8,19130
2024-05-31,Brand D,SA,13650.0,27895.0,30783.0,4843.74,10,14241
2024-05-31,Brand D,SA,36399.0,25931.0,35507.0,5312.62,4,19338
2024-05-31,Brand D,SA,39310.0,9488.0,19933.0,6538.48,5,1201
2024-05-31,Brand A,SA,10677.0,23560.0,37284.0,6346.6668,6,13367
2024-05-31,Brand D,SA,33782.0,23298.0,36346.0,5369.5,8,1675
2024-05-31,Brand E,SA,24212.0,13746.0,23728.0,4710.94,4,7544
2024-05-31,Brand B,India,25114.0,18594.0,31592.0,0.0,8,12202
